Category,Book Name,Book URL,UPC,Price,Availability
Travel,It's Only the Himalayas,http://books.toscrape.com/catalogue/its-only-the-himalayas_981/index.html,a22124811bfa8350,£45.17,In stock (19 available)
Travel,Full Moon over Noah’s ...,http://books.toscrape.com/catalogue/full-moon-over-noahs-ark-an-odyssey-to-mount-ararat-and-beyond_811/index.html,ce60436f52c5ee68,£49.43,In stock (15 available)
Travel,See America: A Celebration ...,http://books.toscrape.com/catalogue/see-america-a-celebration-of-our-national-parks-treasured-sites_732/index.html,f9705c362f070608,£48.87,In stock (14 available)
Travel,Vagabonding: An Uncommon Guide ...,http://books.toscrape.com/catalogue/vagabonding-an-uncommon-guide-to-the-art-of-long-term-world-travel_552/index.html,1809259a5a5f1d8d,£36.94,In stock (8 available)
Travel,Under the Tuscan Sun,http://books.toscrape.com/catalogue/under-the-tuscan-sun_504/index.html,a94350ee74deaa07,£37.33,In stock (7 available)
Travel,A Summer In Europe,http://books.toscrape.com/catalogue/a-summer-in-europe_458/index.html,cc1936a9f4e93477,£44.34,In stock (7 available)
Travel,The Great Railway Bazaar,http://books.toscrape.com/catalogue/the-great-railway-bazaar_446/index.html,48736df57e7bec9f,£30.54,In stock (6 available)
Travel,A Year in Provence ...,http://books.toscrape.com/catalogue/a-year-in-provence-provence-1_421/index.html,9e60929f521fa280,£56.88,In stock (6 available)
Travel,The Road to Little ...,http://books.toscrape.com/catalogue/the-road-to-little-dribbling-adventures-of-an-american-in-britain-notes-from-a-small-island-2_277/index.html,366a236aa1ea6f07,£23.21,In stock (3 available)
Travel,Neither Here nor There: ...,http://books.toscrape.com/catalogue/neither-here-nor-there-travels-in-europe_198/index.html,747cf7fca2ccdbd4,£38.95,In stock (3 available)
Travel,"1,000 Places to See ...",http://books.toscrape.com/catalogue/1000-places-to-see-before-you-die_1/index.html,228ba5e7577e1d49,£26.08,In stock (1 available)
Mystery,Sharp Objects,http://books.toscrape.com/catalogue/sharp-objects_997/index.html,e00eb4fd7b871a48,£47.82,In stock (20 available)
Mystery,"In a Dark, Dark ...",http://books.toscrape.com/catalogue/in-a-dark-dark-wood_963/index.html,19ed25f4641d5efd,£19.63,In stock (18 available)
Mystery,The Past Never Ends,http://books.toscrape.com/catalogue/the-past-never-ends_942/index.html,5ee94540d0749ea0,£56.50,In stock (16 available)
Mystery,A Murder in Time,http://books.toscrape.com/catalogue/a-murder-in-time_877/index.html,f733e8c19d40ec2e,£16.64,In stock (16 available)
Mystery,The Murder of Roger ...,http://books.toscrape.com/catalogue/the-murder-of-roger-ackroyd-hercule-poirot-4_852/index.html,c7b5183f4d1d4efe,£44.10,In stock (15 available)
Mystery,The Last Mile (Amos ...,http://books.toscrape.com/catalogue/the-last-mile-amos-decker-2_754/index.html,3bc89353f7e3a3cc,£54.21,In stock (14 available)
Mystery,That Darkness (Gardiner and ...,http://books.toscrape.com/catalogue/that-darkness-gardiner-and-renner-1_743/index.html,0c7b9cf2b7662b65,£13.92,In stock (14 available)
Mystery,Tastes Like Fear (DI ...,http://books.toscrape.com/catalogue/tastes-like-fear-di-marnie-rome-3_742/index.html,2d1e337aaf341858,£10.69,In stock (14 available)
Mystery,A Time of Torment ...,http://books.toscrape.com/catalogue/a-time-of-torment-charlie-parker-14_657/index.html,4416c474713ec1f5,£48.35,In stock (14 available)
Mystery,A Study in Scarlet ...,http://books.toscrape.com/catalogue/a-study-in-scarlet-sherlock-holmes-1_656/index.html,63ee5bc46066a8a8,£16.73,In stock (14 available)
Mystery,Poisonous (Max Revere Novels ...,http://books.toscrape.com/catalogue/poisonous-max-revere-novels-3_627/index.html,abdd91e96515a617,£26.80,In stock (12 available)
Mystery,Murder at the 42nd ...,http://books.toscrape.com/catalogue/murder-at-the-42nd-street-library-raymond-ambler-1_624/index.html,e7fe3bf2768602cf,£54.36,In stock (12 available)
Mystery,Most Wanted,http://books.toscrape.com/catalogue/most-wanted_623/index.html,c039f5aceb093537,£35.28,In stock (12 available)
Mystery,Hide Away (Eve Duncan ...,http://books.toscrape.com/catalogue/hide-away-eve-duncan-20_620/index.html,bddc6fd036eb6279,£11.84,In stock (12 available)
Mystery,Boar Island (Anna Pigeon ...,http://books.toscrape.com/catalogue/boar-island-anna-pigeon-19_613/index.html,49b24c6a41b82bd2,£59.48,In stock (12 available)
Mystery,The Widow,http://books.toscrape.com/catalogue/the-widow_609/index.html,6159d8b187831770,£27.26,In stock (11 available)
Mystery,Playing with Fire,http://books.toscrape.com/catalogue/playing-with-fire_602/index.html,05a61a3bd8ca4149,£13.71,In stock (11 available)
Mystery,What Happened on Beale ...,http://books.toscrape.com/catalogue/what-happened-on-beale-street-secrets-of-the-south-mysteries-2_506/index.html,9735c969c652dd89,£25.37,In stock (7 available)
Mystery,The Bachelor Girl's Guide ...,http://books.toscrape.com/catalogue/the-bachelor-girls-guide-to-murder-herringford-and-watts-mysteries-1_491/index.html,20789fb17b423c4c,£52.30,In stock (7 available)
Mystery,Delivering the Truth (Quaker ...,http://books.toscrape.com/catalogue/delivering-the-truth-quaker-midwife-mystery-1_464/index.html,4e980425468708da,£20.89,In stock (7 available)
HistoricalFiction,Tipping the Velvet,http://books.toscrape.com/catalogue/tipping-the-velvet_999/index.html,90fa61229261140a,£53.74,In stock (20 available)
HistoricalFiction,Forever and Forever: The ...,http://books.toscrape.com/catalogue/forever-and-forever-the-courtship-of-henry-longfellow-and-fanny-appleton_894/index.html,9beb96a2300109d7,£29.69,In stock (16 available)
HistoricalFiction,A Flight of Arrows ...,http://books.toscrape.com/catalogue/a-flight-of-arrows-the-pathfinders-2_876/index.html,3a6fb983e2554023,£55.53,In stock (16 available)
HistoricalFiction,The House by the ...,http://books.toscrape.com/catalogue/the-house-by-the-lake_846/index.html,9287e238d7c3b06e,£36.95,In stock (15 available)
HistoricalFiction,Mrs. Houdini,http://books.toscrape.com/catalogue/mrs-houdini_821/index.html,a40723994f715420,£30.25,In stock (15 available)
HistoricalFiction,The Marriage of Opposites,http://books.toscrape.com/catalogue/the-marriage-of-opposites_759/index.html,52cf2a5933ec5d8f,£28.08,In stock (14 available)
HistoricalFiction,Glory over Everything: Beyond ...,http://books.toscrape.com/catalogue/glory-over-everything-beyond-the-kitchen-house_696/index.html,de4b403cb629a29f,£45.84,In stock (14 available)
HistoricalFiction,"Love, Lies and Spies",http://books.toscrape.com/catalogue/love-lies-and-spies_622/index.html,9546d537fbf99eb6,£20.55,In stock (12 available)
HistoricalFiction,A Paris Apartment,http://books.toscrape.com/catalogue/a-paris-apartment_612/index.html,63343e287971bb0c,£39.01,In stock (12 available)
HistoricalFiction,Lilac Girls,http://books.toscrape.com/catalogue/lilac-girls_597/index.html,bade9943ee01b63f,£17.28,In stock (11 available)
HistoricalFiction,The Constant Princess (The ...,http://books.toscrape.com/catalogue/the-constant-princess-the-tudor-court-1_493/index.html,24933c712f0bca2f,£16.62,In stock (7 available)
HistoricalFiction,The Invention of Wings,http://books.toscrape.com/catalogue/the-invention-of-wings_448/index.html,e6635f5b0a2c78db,£37.34,In stock (6 available)
HistoricalFiction,World Without End (The ...,http://books.toscrape.com/catalogue/world-without-end-the-pillars-of-the-earth-2_420/index.html,2e5b4ff08a75fd02,£32.97,In stock (5 available)
HistoricalFiction,The Passion of Dolssa,http://books.toscrape.com/catalogue/the-passion-of-dolssa_351/index.html,011674f4a3834b8d,£28.32,In stock (4 available)
HistoricalFiction,Girl With a Pearl ...,http://books.toscrape.com/catalogue/girl-with-a-pearl-earring_322/index.html,5eff05e59f905a49,£26.77,In stock (4 available)
HistoricalFiction,Voyager (Outlander #3),http://books.toscrape.com/catalogue/voyager-outlander-3_299/index.html,7feac4000cbc5859,£21.07,In stock (3 available)
HistoricalFiction,The Red Tent,http://books.toscrape.com/catalogue/the-red-tent_273/index.html,3c456328b04a8ee8,£35.66,In stock (3 available)
HistoricalFiction,The Last Painting of ...,http://books.toscrape.com/catalogue/the-last-painting-of-sara-de-vos_259/index.html,476c7972e9b41891,£55.55,In stock (3 available)
HistoricalFiction,The Guernsey Literary and ...,http://books.toscrape.com/catalogue/the-guernsey-literary-and-potato-peel-pie-society_253/index.html,4a0a276409968a73,£49.53,In stock (3 available)
HistoricalFiction,Girl in the Blue ...,http://books.toscrape.com/catalogue/girl-in-the-blue-coat_160/index.html,41fc5dce044f16f5,£46.83,In stock (3 available)
SequentialArt,Scott Pilgrim's Precious Little ...,http://books.toscrape.com/catalogue/scott-pilgrims-precious-little-life-scott-pilgrim-1_987/index.html,3b1c02bac2a429e6,£52.29,In stock (19 available)
SequentialArt,Tsubasa: WoRLD CHRoNiCLE 2 ...,http://books.toscrape.com/catalogue/tsubasa-world-chronicle-2-tsubasa-world-chronicle-2_949/index.html,09555be379ad9253,£16.28,In stock (16 available)
SequentialArt,This One Summer,http://books.toscrape.com/catalogue/this-one-summer_947/index.html,51653ef291ab7ddc,£19.49,In stock (16 available)
SequentialArt,The Nameless City (The ...,http://books.toscrape.com/catalogue/the-nameless-city-the-nameless-city-1_940/index.html,7d385d34d12e60ff,£38.16,In stock (16 available)
SequentialArt,"Saga, Volume 5 (Saga ...",http://books.toscrape.com/catalogue/saga-volume-5-saga-collected-editions-5_923/index.html,53a3d11bb568cc8b,£51.04,In stock (16 available)
SequentialArt,"Rat Queens, Vol. 3: ...",http://books.toscrape.com/catalogue/rat-queens-vol-3-demons-rat-queens-collected-editions-11-15_921/index.html,c82a3e358c773c73,£50.40,In stock (16 available)
SequentialArt,"Princess Jellyfish 2-in-1 Omnibus, ...",http://books.toscrape.com/catalogue/princess-jellyfish-2-in-1-omnibus-vol-01-princess-jellyfish-2-in-1-omnibus-1_920/index.html,0fa6dceead7ce47a,£13.61,In stock (16 available)
SequentialArt,"Pop Gun War, Volume ...",http://books.toscrape.com/catalogue/pop-gun-war-volume-1-gift_918/index.html,e80f8e518b300dfe,£18.97,In stock (16 available)
SequentialArt,Patience,http://books.toscrape.com/catalogue/patience_916/index.html,9429b4d59c537af5,£10.16,In stock (16 available)
SequentialArt,"Outcast, Vol. 1: A ...",http://books.toscrape.com/catalogue/outcast-vol-1-a-darkness-surrounds-him-outcast-1_915/index.html,889139b8e9c4cb36,£15.44,In stock (16 available)
SequentialArt,orange: The Complete Collection ...,http://books.toscrape.com/catalogue/orange-the-complete-collection-1-orange-the-complete-collection-1_914/index.html,11809b1d323b3057,£48.41,In stock (16 available)
SequentialArt,"Lumberjanes, Vol. 2: Friendship ...",http://books.toscrape.com/catalogue/lumberjanes-vol-2-friendship-to-the-max-lumberjanes-5-8_907/index.html,460089f796fb3f82,£46.91,In stock (16 available)
SequentialArt,"Lumberjanes, Vol. 1: Beware ...",http://books.toscrape.com/catalogue/lumberjanes-vol-1-beware-the-kitten-holy-lumberjanes-1-4_906/index.html,b6ee99bcf06fc91f,£45.61,In stock (16 available)
SequentialArt,Lumberjanes Vol. 3: A ...,http://books.toscrape.com/catalogue/lumberjanes-vol-3-a-terrible-plan-lumberjanes-9-12_905/index.html,57e5a4d515c8ce44,£19.92,In stock (16 available)
SequentialArt,"I Hate Fairyland, Vol. ...",http://books.toscrape.com/catalogue/i-hate-fairyland-vol-1-madly-ever-after-i-hate-fairyland-compilations-1-5_899/index.html,8d4eefad7a2b3915,£29.17,In stock (16 available)
SequentialArt,I am a Hero ...,http://books.toscrape.com/catalogue/i-am-a-hero-omnibus-volume-1_898/index.html,1c89ae5bb804e4de,£54.63,In stock (16 available)
SequentialArt,"Giant Days, Vol. 2 ...",http://books.toscrape.com/catalogue/giant-days-vol-2-giant-days-5-8_895/index.html,f2df3bb043a8abb0,£22.11,In stock (16 available)
SequentialArt,Danganronpa Volume 1,http://books.toscrape.com/catalogue/danganronpa-volume-1_889/index.html,09b6cc87e62c2c58,£51.99,In stock (16 available)
SequentialArt,"Codename Baboushka, Volume 1: ...",http://books.toscrape.com/catalogue/codename-baboushka-volume-1-the-conclave-of-death_887/index.html,8754c83ab2a7ae71,£36.72,In stock (16 available)
SequentialArt,Camp Midnight,http://books.toscrape.com/catalogue/camp-midnight_886/index.html,7b599c8bfcdd8d30,£17.08,In stock (16 available)
Classics,The Secret Garden,http://books.toscrape.com/catalogue/the-secret-garden_413/index.html,abbb492978ff656d,£15.08,In stock (5 available)
Classics,The Metamorphosis,http://books.toscrape.com/catalogue/the-metamorphosis_409/index.html,93379e3a2072a01b,£28.58,In stock (5 available)
Classics,The Pilgrim's Progress,http://books.toscrape.com/catalogue/the-pilgrims-progress_353/index.html,6053ddf69c967d5f,£50.26,In stock (4 available)
Classics,The Hound of the ...,http://books.toscrape.com/catalogue/the-hound-of-the-baskervilles-sherlock-holmes-5_348/index.html,6587f46697fc4443,£14.82,In stock (4 available)
Classics,Little Women (Little Women ...,http://books.toscrape.com/catalogue/little-women-little-women-1_331/index.html,deda806b68b0aa11,£28.07,In stock (4 available)
Classics,Gone with the Wind,http://books.toscrape.com/catalogue/gone-with-the-wind_324/index.html,23310ce84d3c9f85,£32.49,In stock (4 available)
Classics,Candide,http://books.toscrape.com/catalogue/candide_316/index.html,2798974abc8a58a8,£58.63,In stock (4 available)
Classics,Animal Farm,http://books.toscrape.com/catalogue/animal-farm_313/index.html,1451b55e5e56bb89,£57.22,In stock (4 available)
Classics,Wuthering Heights,http://books.toscrape.com/catalogue/wuthering-heights_307/index.html,5a7ff9aaa3168878,£17.73,In stock (3 available)
Classics,The Picture of Dorian ...,http://books.toscrape.com/catalogue/the-picture-of-dorian-gray_270/index.html,b9f6305a3d650e2c,£29.70,In stock (3 available)
Classics,The Complete Stories and ...,http://books.toscrape.com/catalogue/the-complete-stories-and-poems-the-works-of-edgar-allan-poe-cameo-edition_238/index.html,cad70d6ffd53912f,£26.78,In stock (3 available)
Classics,Beowulf,http://books.toscrape.com/catalogue/beowulf_126/index.html,3fb69f34e178d494,£38.35,In stock (3 available)
Classics,And Then There Were ...,http://books.toscrape.com/catalogue/and-then-there-were-none_119/index.html,cfe350b20d23b02b,£35.01,In stock (3 available)
Classics,The Story of Hong ...,http://books.toscrape.com/catalogue/the-story-of-hong-gildong_84/index.html,32d035df92ab9080,£43.19,In stock (1 available)
Classics,The Little Prince,http://books.toscrape.com/catalogue/the-little-prince_72/index.html,1aeca7d078d57deb,£45.42,In stock (1 available)
Classics,Sense and Sensibility,http://books.toscrape.com/catalogue/sense-and-sensibility_49/index.html,35e44170702139a4,£37.46,In stock (1 available)
Classics,Of Mice and Men,http://books.toscrape.com/catalogue/of-mice-and-men_37/index.html,39592d9d72e717c4,£47.11,In stock (1 available)
Classics,Emma,http://books.toscrape.com/catalogue/emma_17/index.html,2e69730561ed70ad,£32.93,In stock (1 available)
Classics,Alice in Wonderland (Alice's ...,http://books.toscrape.com/catalogue/alice-in-wonderland-alices-adventures-in-wonderland-1_5/index.html,cd2a2a70dd5d176d,£55.53,In stock (1 available)
Philosophy,Sophie's World,http://books.toscrape.com/catalogue/sophies-world_966/index.html,6be3beb0793a53e7,£15.94,In stock (18 available)
Philosophy,The Death of Humanity: ...,http://books.toscrape.com/catalogue/the-death-of-humanity-and-the-case-for-life_932/index.html,bd261725b99f5983,£58.11,In stock (16 available)
Philosophy,The Stranger,http://books.toscrape.com/catalogue/the-stranger_861/index.html,f5a92cff83897d48,£17.44,In stock (15 available)
Philosophy,Proofs of God: Classical ...,http://books.toscrape.com/catalogue/proofs-of-god-classical-arguments-from-tertullian-to-barth_538/index.html,d56d0710668bb39c,£54.21,In stock (8 available)
Philosophy,Kierkegaard: A Christian Missionary ...,http://books.toscrape.com/catalogue/kierkegaard-a-christian-missionary-to-christians_527/index.html,0cf57cb49272fd37,£47.13,In stock (8 available)
Philosophy,At The Existentialist Café: ...,http://books.toscrape.com/catalogue/at-the-existentialist-cafe-freedom-being-and-apricot-cocktails-with-jean-paul-sartre-simone-de-beauvoir-albert-camus-martin-heidegger-edmund-husserl-karl-jaspers-maurice-merleau-ponty-and-others_459/index.html,6b52904b2ab91bf6,£29.93,In stock (7 available)
Philosophy,Critique of Pure Reason,http://books.toscrape.com/catalogue/critique-of-pure-reason_366/index.html,429b4a811bef386c,£20.75,In stock (5 available)
Philosophy,"Run, Spot, Run: The ...",http://books.toscrape.com/catalogue/run-spot-run-the-ethics-of-keeping-pets_106/index.html,b0e479be03911916,£20.02,In stock (2 available)
Philosophy,The Nicomachean Ethics,http://books.toscrape.com/catalogue/the-nicomachean-ethics_75/index.html,5c10b64db3e4f228,£36.34,In stock (1 available)
Philosophy,Meditations,http://books.toscrape.com/catalogue/meditations_33/index.html,4f19709e47883df5,£25.89,In stock (1 available)
Philosophy,Beyond Good and Evil,http://books.toscrape.com/catalogue/beyond-good-and-evil_6/index.html,08672cd59171d5e4,£43.38,In stock (1 available)
Romance,Chase Me (Paris Nights ...,http://books.toscrape.com/catalogue/chase-me-paris-nights-2_977/index.html,c2e46a2ee3b4a322,£25.27,In stock (19 available)
Romance,Black Dust,http://books.toscrape.com/catalogue/black-dust_976/index.html,00bfed9e18bb36f3,£34.53,In stock (19 available)
Romance,Her Backup Boyfriend (The ...,http://books.toscrape.com/catalogue/her-backup-boyfriend-the-sorensen-family-1_896/index.html,2a97cffe61c3c4c7,£33.97,In stock (16 available)
Romance,First and First (Five ...,http://books.toscrape.com/catalogue/first-and-first-five-boroughs-3_893/index.html,9e28048cea8d41f7,£15.97,In stock (16 available)
Romance,Fifty Shades Darker (Fifty ...,http://books.toscrape.com/catalogue/fifty-shades-darker-fifty-shades-2_892/index.html,7add3f8e49ec0826,£21.96,In stock (16 available)
Romance,The Wedding Dress,http://books.toscrape.com/catalogue/the-wedding-dress_864/index.html,623e1a180426039b,£24.12,In stock (15 available)
Romance,Suddenly in Love (Lake ...,http://books.toscrape.com/catalogue/suddenly-in-love-lake-haven-1_835/index.html,203b7f94b7d6115f,£55.99,In stock (15 available)
Romance,Something More Than This,http://books.toscrape.com/catalogue/something-more-than-this_834/index.html,ca71e72655bece85,£16.24,In stock (15 available)
Romance,Doing It Over (Most ...,http://books.toscrape.com/catalogue/doing-it-over-most-likely-to-1_802/index.html,3a11bb962ff45b78,£35.61,In stock (15 available)
Romance,The Wedding Pact (The ...,http://books.toscrape.com/catalogue/the-wedding-pact-the-omalleys-2_767/index.html,c5cb9f885d8b3621,£32.61,In stock (14 available)
Romance,Hold Your Breath (Search ...,http://books.toscrape.com/catalogue/hold-your-breath-search-and-rescue-1_700/index.html,0b165bd4b9f42fd5,£28.82,In stock (14 available)
Romance,Dirty (Dive Bar #1),http://books.toscrape.com/catalogue/dirty-dive-bar-1_615/index.html,df7e628bad5782b4,£40.83,In stock (12 available)
Romance,Take Me Home Tonight ...,http://books.toscrape.com/catalogue/take-me-home-tonight-rock-star-romance-3_605/index.html,cf62fa272b5f0fa3,£53.98,In stock (11 available)
Romance,Off the Hook (Fishing ...,http://books.toscrape.com/catalogue/off-the-hook-fishing-for-trouble-1_601/index.html,b783ce08802cd1d1,£47.67,In stock (11 available)
Romance,A Gentleman's Position (Society ...,http://books.toscrape.com/catalogue/a-gentlemans-position-society-of-gentlemen-3_584/index.html,40c4bf520c17de54,£14.75,In stock (11 available)
Romance,"Sit, Stay, Love",http://books.toscrape.com/catalogue/sit-stay-love_486/index.html,bd087cf6a846db75,£20.90,In stock (7 available)
Romance,A Girl's Guide to ...,http://books.toscrape.com/catalogue/a-girls-guide-to-moving-on-new-beginnings-2_359/index.html,cf3b86489890b9f2,£31.30,In stock (5 available)
Romance,The Perfect Play (Play ...,http://books.toscrape.com/catalogue/the-perfect-play-play-by-play-1_352/index.html,9cc207168a03470d,£59.99,In stock (4 available)
Romance,Dark Lover (Black Dagger ...,http://books.toscrape.com/catalogue/dark-lover-black-dagger-brotherhood-1_319/index.html,2b69d289279aabfd,£12.87,In stock (4 available)
Romance,Changing the Game (Play ...,http://books.toscrape.com/catalogue/changing-the-game-play-by-play-2_317/index.html,aaebac5fda798b1b,£13.38,In stock (4 available)
WomensFiction,I Had a Nice ...,http://books.toscrape.com/catalogue/i-had-a-nice-time-and-other-lies-how-to-find-love-sht-like-that_814/index.html,fd8585283fc7d2d7,£57.36,In stock (15 available)
WomensFiction,Will You Won't You ...,http://books.toscrape.com/catalogue/will-you-wont-you-want-me_644/index.html,077b635ff2afc578,£13.86,In stock (12 available)
WomensFiction,Keep Me Posted,http://books.toscrape.com/catalogue/keep-me-posted_594/index.html,20dc4f1ac5d4fd9c,£20.46,In stock (11 available)
WomensFiction,Grey (Fifty Shades #4),http://books.toscrape.com/catalogue/grey-fifty-shades-4_592/index.html,b5953ca1f8a0b8d7,£48.49,In stock (11 available)
WomensFiction,Meternity,http://books.toscrape.com/catalogue/meternity_478/index.html,725cd8d23d78cdca,£43.58,In stock (7 available)
WomensFiction,Some Women,http://books.toscrape.com/catalogue/some-women_341/index.html,31f5bbf4974d29c9,£13.73,In stock (4 available)
WomensFiction,Shopaholic Ties the Knot ...,http://books.toscrape.com/catalogue/shopaholic-ties-the-knot-shopaholic-3_340/index.html,38199c5d7da0c0ef,£48.39,In stock (4 available)
WomensFiction,Can You Keep a ...,http://books.toscrape.com/catalogue/can-you-keep-a-secret_315/index.html,0812f54c93d726ce,£21.94,In stock (4 available)
WomensFiction,Twenties Girl,http://books.toscrape.com/catalogue/twenties-girl_292/index.html,8ebad30219b8679c,£42.80,In stock (3 available)
WomensFiction,The Undomestic Goddess,http://books.toscrape.com/catalogue/the-undomestic-goddess_286/index.html,813cff2aefa5d1f0,£45.75,In stock (3 available)
WomensFiction,The Nanny Diaries (Nanny ...,http://books.toscrape.com/catalogue/the-nanny-diaries-nanny-1_265/index.html,6263c1d2997b8ce0,£52.53,In stock (3 available)
WomensFiction,The Devil Wears Prada ...,http://books.toscrape.com/catalogue/the-devil-wears-prada-the-devil-wears-prada-1_243/index.html,a6ab0cb7106a67f2,£44.29,In stock (3 available)
WomensFiction,Something Borrowed (Darcy & ...,http://books.toscrape.com/catalogue/something-borrowed-darcy-rachel-1_224/index.html,ac27ab4bcd9c492e,£48.96,In stock (3 available)
WomensFiction,Something Blue (Darcy & ...,http://books.toscrape.com/catalogue/something-blue-darcy-rachel-2_223/index.html,3fc9d51d1c4d6ba7,£54.62,In stock (3 available)
WomensFiction,I've Got Your Number,http://books.toscrape.com/catalogue/ive-got-your-number_173/index.html,6b32b561dab8036c,£19.69,In stock (3 available)
WomensFiction,The Edge of Reason ...,http://books.toscrape.com/catalogue/the-edge-of-reason-bridget-jones-2_63/index.html,29fc016c459aeb14,£19.18,In stock (1 available)
WomensFiction,Bridget Jones's Diary (Bridget ...,http://books.toscrape.com/catalogue/bridget-joness-diary-bridget-jones-1_10/index.html,a2b4b685dfa94733,£29.82,In stock (1 available)
Fiction,Soumission,http://books.toscrape.com/catalogue/soumission_998/index.html,6957f44c3847a760,£50.10,In stock (20 available)
Fiction,Private Paris (Private #10),http://books.toscrape.com/catalogue/private-paris-private-10_958/index.html,b12b89017878a60d,£47.61,In stock (17 available)
Fiction,"We Love You, Charlie ...",http://books.toscrape.com/catalogue/we-love-you-charlie-freeman_954/index.html,8d455c7539795d2a,£50.27,In stock (16 available)
Fiction,Thirst,http://books.toscrape.com/catalogue/thirst_946/index.html,709822d0b5bcb7f4,£17.27,In stock (16 available)
Fiction,The Murder That Never ...,http://books.toscrape.com/catalogue/the-murder-that-never-was-forensic-instincts-5_939/index.html,d01ac97e2b8947c2,£54.11,In stock (16 available)
Fiction,Tuesday Nights in 1980,http://books.toscrape.com/catalogue/tuesday-nights-in-1980_870/index.html,b8736690cf263a3c,£21.04,In stock (15 available)
Fiction,The Vacationers,http://books.toscrape.com/catalogue/the-vacationers_863/index.html,fd3a622648667296,£42.15,In stock (15 available)
Fiction,The Regional Office Is ...,http://books.toscrape.com/catalogue/the-regional-office-is-under-attack_858/index.html,0651062381f0636a,£51.36,In stock (15 available)
Fiction,Finders Keepers (Bill Hodges ...,http://books.toscrape.com/catalogue/finders-keepers-bill-hodges-trilogy-2_807/index.html,edb3097e71330040,£53.53,In stock (15 available)
Fiction,The Time Keeper,http://books.toscrape.com/catalogue/the-time-keeper_766/index.html,e9906e2f0d189745,£27.88,In stock (14 available)
Fiction,The Testament of Mary,http://books.toscrape.com/catalogue/the-testament-of-mary_765/index.html,081305e6df719dff,£52.67,In stock (14 available)
Fiction,The First Hostage (J.B. ...,http://books.toscrape.com/catalogue/the-first-hostage-jb-collins-2_749/index.html,a86972014275e072,£25.85,In stock (14 available)
Fiction,Take Me with You,http://books.toscrape.com/catalogue/take-me-with-you_741/index.html,2c04320e110a14a3,£45.21,In stock (14 available)
Fiction,Still Life with Bread ...,http://books.toscrape.com/catalogue/still-life-with-bread-crumbs_738/index.html,fe44cc816576c652,£26.41,In stock (14 available)
Fiction,Shtum,http://books.toscrape.com/catalogue/shtum_733/index.html,830fb3967c74866d,£55.84,In stock (14 available)
Fiction,My Name Is Lucy ...,http://books.toscrape.com/catalogue/my-name-is-lucy-barton_720/index.html,727bf2b86b19ad88,£41.56,In stock (14 available)
Fiction,My Mrs. Brown,http://books.toscrape.com/catalogue/my-mrs-brown_719/index.html,cc82685d9f49bc2c,£24.48,In stock (14 available)
Fiction,Mr. Mercedes (Bill Hodges ...,http://books.toscrape.com/catalogue/mr-mercedes-bill-hodges-trilogy-1_717/index.html,caa2e5b3fb1b2d4c,£28.90,In stock (14 available)
Fiction,I Am Pilgrim (Pilgrim ...,http://books.toscrape.com/catalogue/i-am-pilgrim-pilgrim-1_703/index.html,aeff7b87a8e83ebb,£10.60,In stock (14 available)
Fiction,Eligible (The Austen Project ...,http://books.toscrape.com/catalogue/eligible-the-austen-project-4_692/index.html,9eaf58b03a2779cc,£27.09,In stock (14 available)
Childrens,Birdsong: A Story in ...,http://books.toscrape.com/catalogue/birdsong-a-story-in-pictures_975/index.html,9528d0948525bf5f,£54.64,In stock (19 available)
Childrens,The Bear and the ...,http://books.toscrape.com/catalogue/the-bear-and-the-piano_967/index.html,9f6568e9c95f60b0,£36.89,In stock (18 available)
Childrens,The Secret of Dreadwillow ...,http://books.toscrape.com/catalogue/the-secret-of-dreadwillow-carse_944/index.html,b5ea0b5dabed25a8,£56.13,In stock (16 available)
Childrens,The White Cat and ...,http://books.toscrape.com/catalogue/the-white-cat-and-the-monk-a-retelling-of-the-poem-pangur-ban_865/index.html,37c0cb19713d8dda,£58.08,In stock (15 available)
Childrens,Little Red,http://books.toscrape.com/catalogue/little-red_817/index.html,4aa03792b50f0b22,£13.47,In stock (15 available)
Childrens,Walt Disney's Alice in ...,http://books.toscrape.com/catalogue/walt-disneys-alice-in-wonderland_777/index.html,6a31307a81e8f3a8,£12.96,In stock (14 available)
Childrens,Twenty Yawns,http://books.toscrape.com/catalogue/twenty-yawns_773/index.html,1d6443ffba9dfd80,£22.08,In stock (14 available)
Childrens,Rain Fish,http://books.toscrape.com/catalogue/rain-fish_728/index.html,a6454e329f872b78,£23.57,In stock (14 available)
Childrens,Once Was a Time,http://books.toscrape.com/catalogue/once-was-a-time_724/index.html,e34efcc824685332,£18.28,In stock (14 available)
Childrens,Luis Paints the World,http://books.toscrape.com/catalogue/luis-paints-the-world_714/index.html,5b43cae640f2338a,£53.95,In stock (14 available)
Childrens,Nap-a-Roo,http://books.toscrape.com/catalogue/nap-a-roo_567/index.html,913e7109cec0cb4c,£25.08,In stock (9 available)
Childrens,The Whale,http://books.toscrape.com/catalogue/the-whale_501/index.html,0ff9d10864db8364,£35.96,In stock (7 available)
Childrens,"Shrunken Treasures: Literary Classics, ...",http://books.toscrape.com/catalogue/shrunken-treasures-literary-classics-short-sweet-and-silly_484/index.html,9639e89d20228e6e,£52.87,In stock (7 available)
Childrens,Raymie Nightingale,http://books.toscrape.com/catalogue/raymie-nightingale_482/index.html,31c56c4d0fe19340,£34.41,In stock (7 available)
Childrens,Playing from the Heart,http://books.toscrape.com/catalogue/playing-from-the-heart_481/index.html,68008abf6409dfde,£32.38,In stock (7 available)
Childrens,Maybe Something Beautiful: How ...,http://books.toscrape.com/catalogue/maybe-something-beautiful-how-art-transformed-a-neighborhood_386/index.html,81c68492ccd72941,£22.54,In stock (5 available)
Childrens,The Wild Robot,http://books.toscrape.com/catalogue/the-wild-robot_288/index.html,75fed6a47f69859d,£56.07,In stock (3 available)
Childrens,The Thing About Jellyfish,http://books.toscrape.com/catalogue/the-thing-about-jellyfish_283/index.html,3d15714d4d3d15dd,£48.77,In stock (3 available)
Childrens,The Lonely Ones,http://books.toscrape.com/catalogue/the-lonely-ones_261/index.html,cf2f27fdf94ba20e,£43.59,In stock (3 available)
Childrens,The Day the Crayons ...,http://books.toscrape.com/catalogue/the-day-the-crayons-came-home-crayons_241/index.html,b22362b434e8ee62,£26.33,In stock (3 available)
Religion,Don't Be a Jerk: ...,http://books.toscrape.com/catalogue/dont-be-a-jerk-and-other-practical-advice-from-dogen-japans-greatest-zen-master_890/index.html,fce19f9b4a943f22,£37.97,In stock (16 available)
Religion,You Are What You ...,http://books.toscrape.com/catalogue/you-are-what-you-love-the-spiritual-power-of-habit_872/index.html,796c87ddbbaaf8c5,£21.87,In stock (15 available)
Religion,God: The Most Unpleasant ...,http://books.toscrape.com/catalogue/god-the-most-unpleasant-character-in-all-fiction_697/index.html,eec424a84c9e4c68,£30.03,In stock (14 available)
Religion,The Book of Mormon,http://books.toscrape.com/catalogue/the-book-of-mormon_571/index.html,3f25a2fedae191cc,£24.57,In stock (9 available)
Religion,A History of God: ...,http://books.toscrape.com/catalogue/a-history-of-god-the-4000-year-quest-of-judaism-christianity-and-islam_310/index.html,d12ca4020c2f602e,£27.62,In stock (4 available)
Religion,The Bhagavad Gita,http://books.toscrape.com/catalogue/the-bhagavad-gita_60/index.html,f3a0b8c835129558,£57.49,In stock (1 available)
Religion,Choosing Our Religion: The ...,http://books.toscrape.com/catalogue/choosing-our-religion-the-spiritual-lives-of-americas-nones_14/index.html,a812f6969ddf3e39,£28.42,In stock (1 available)
Nonfiction,Worlds Elsewhere: Journeys Around ...,http://books.toscrape.com/catalogue/worlds-elsewhere-journeys-around-shakespeares-globe_972/index.html,4c28def39d850cdf,£40.30,In stock (18 available)
Nonfiction,The Five Love Languages: ...,http://books.toscrape.com/catalogue/the-five-love-languages-how-to-express-heartfelt-commitment-to-your-mate_969/index.html,3c039985229453bf,£31.05,In stock (18 available)
Nonfiction,Reasons to Stay Alive,http://books.toscrape.com/catalogue/reasons-to-stay-alive_959/index.html,c8f7f0cb1abb9cac,£26.41,In stock (17 available)
Nonfiction,#HigherSelfie: Wake Up Your ...,http://books.toscrape.com/catalogue/higherselfie-wake-up-your-life-free-your-soul-find-your-tribe_957/index.html,c27f6e1f185b0383,£23.11,In stock (17 available)
Nonfiction,Unseen City: The Majesty ...,http://books.toscrape.com/catalogue/unseen-city-the-majesty-of-pigeons-the-discreet-charm-of-snails-other-wonders-of-the-urban-wilderness_952/index.html,d170b5a0da46380e,£44.18,In stock (16 available)
Nonfiction,Throwing Rocks at the ...,http://books.toscrape.com/catalogue/throwing-rocks-at-the-google-bus-how-growth-became-the-enemy-of-prosperity_948/index.html,7858914fad68493c,£31.12,In stock (16 available)
Nonfiction,The Life-Changing Magic of ...,http://books.toscrape.com/catalogue/the-life-changing-magic-of-tidying-up-the-japanese-art-of-decluttering-and-organizing_936/index.html,0da9aa9d24677fc0,£16.77,In stock (16 available)
Nonfiction,The Gutsy Girl: Escapades ...,http://books.toscrape.com/catalogue/the-gutsy-girl-escapades-for-your-life-of-epic-adventure_934/index.html,acd86a5426e21ca0,£37.13,In stock (16 available)
Nonfiction,The Electric Pencil: Drawings ...,http://books.toscrape.com/catalogue/the-electric-pencil-drawings-from-inside-state-hospital-no-3_933/index.html,a30b270e25489e5c,£56.06,In stock (16 available)
Nonfiction,Spark Joy: An Illustrated ...,http://books.toscrape.com/catalogue/spark-joy-an-illustrated-master-class-on-the-art-of-organizing-and-tidying-up_927/index.html,87b0615b6e1f4d7b,£41.83,In stock (16 available)
Nonfiction,Reskilling America: Learning to ...,http://books.toscrape.com/catalogue/reskilling-america-learning-to-labor-in-the-twenty-first-century_922/index.html,d7310206583a54b6,£19.83,In stock (16 available)
Nonfiction,In the Country We ...,http://books.toscrape.com/catalogue/in-the-country-we-love-my-family-divided_901/index.html,b136b1b180ca753a,£22.00,In stock (16 available)
Nonfiction,Everydata: The Misinformation Hidden ...,http://books.toscrape.com/catalogue/everydata-the-misinformation-hidden-in-the-little-data-you-consume-every-day_891/index.html,311c0dd0e354a33e,£54.35,In stock (16 available)
Nonfiction,Call the Nurse: True ...,http://books.toscrape.com/catalogue/call-the-nurse-true-stories-of-a-country-nurse-on-a-scottish-isle_885/index.html,bee3672891cca906,£29.14,In stock (16 available)
Nonfiction,Algorithms to Live By: ...,http://books.toscrape.com/catalogue/algorithms-to-live-by-the-computer-science-of-human-decisions_880/index.html,38d45839cb1c83c1,£30.81,In stock (16 available)
Nonfiction,The Power of Now: ...,http://books.toscrape.com/catalogue/the-power-of-now-a-guide-to-spiritual-enlightenment_855/index.html,8ec14b1576cb7cb5,£43.54,In stock (15 available)
Nonfiction,The Omnivore's Dilemma: A ...,http://books.toscrape.com/catalogue/the-omnivores-dilemma-a-natural-history-of-four-meals_854/index.html,209adad1015af86f,£38.21,In stock (15 available)
Nonfiction,The Genius of Birds,http://books.toscrape.com/catalogue/the-genius-of-birds_843/index.html,42d0d7c92b75fc1c,£17.24,In stock (15 available)
Nonfiction,The Artist's Way: A ...,http://books.toscrape.com/catalogue/the-artists-way-a-spiritual-path-to-higher-creativity_839/index.html,dd047728de72ad62,£38.49,In stock (15 available)
Nonfiction,So You've Been Publicly ...,http://books.toscrape.com/catalogue/so-youve-been-publicly-shamed_832/index.html,1b33663ad7b95fd8,£12.23,In stock (15 available)
Music,Rip it Up and ...,http://books.toscrape.com/catalogue/rip-it-up-and-start-again_986/index.html,a34ba96d4081e6a4,£35.02,In stock (19 available)
Music,Our Band Could Be ...,http://books.toscrape.com/catalogue/our-band-could-be-your-life-scenes-from-the-american-indie-underground-1981-1991_985/index.html,deda3e61b9514b83,£57.25,In stock (19 available)
Music,How Music Works,http://books.toscrape.com/catalogue/how-music-works_979/index.html,327f68a59745c102,£37.32,In stock (19 available)
Music,Love Is a Mix ...,http://books.toscrape.com/catalogue/love-is-a-mix-tape-music-1_711/index.html,adb5f51c2e2ab13f,£18.03,In stock (14 available)
Music,Please Kill Me: The ...,http://books.toscrape.com/catalogue/please-kill-me-the-uncensored-oral-history-of-punk_537/index.html,4a823d80aa30dbb0,£31.19,In stock (8 available)
Music,Kill 'Em and Leave: ...,http://books.toscrape.com/catalogue/kill-em-and-leave-searching-for-james-brown-and-the-american-soul_528/index.html,39eefec3a8498dde,£45.05,In stock (8 available)
Music,"Chronicles, Vol. 1",http://books.toscrape.com/catalogue/chronicles-vol-1_462/index.html,4781b6bfd6f7a2c5,£52.60,In stock (7 available)
Music,This Is Your Brain ...,http://books.toscrape.com/catalogue/this-is-your-brain-on-music-the-science-of-a-human-obsession_414/index.html,bc209a900101f28d,£38.40,In stock (5 available)
Music,Orchestra of Exiles: The ...,http://books.toscrape.com/catalogue/orchestra-of-exiles-the-story-of-bronislaw-huberman-the-israel-philharmonic-and-the-one-thousand-jews-he-saved-from-nazi-horrors_337/index.html,2ba5ccc84d35006c,£12.36,In stock (4 available)
Music,No One Here Gets ...,http://books.toscrape.com/catalogue/no-one-here-gets-out-alive_336/index.html,3a95f5a2df4ff921,£20.02,In stock (4 available)
Music,Life,http://books.toscrape.com/catalogue/life_104/index.html,637e5a45062aa548,£31.58,In stock (2 available)
Music,Old Records Never Die: ...,http://books.toscrape.com/catalogue/old-records-never-die-one-mans-quest-for-his-vinyl-and-his-past_39/index.html,a1985630339f4b3d,£55.66,In stock (1 available)
Music,Forever Rockers (The Rocker ...,http://books.toscrape.com/catalogue/forever-rockers-the-rocker-12_19/index.html,e564c3f1a93ccf2e,£28.80,In stock (1 available)
Default,The Coming Woman: A ...,http://books.toscrape.com/catalogue/the-coming-woman-a-novel-based-on-the-life-of-the-infamous-feminist-victoria-woodhull_993/index.html,e72a5dfc7e9267b2,£17.93,In stock (19 available)
Default,The Boys in the ...,http://books.toscrape.com/catalogue/the-boys-in-the-boat-nine-americans-and-their-epic-quest-for-gold-at-the-1936-berlin-olympics_992/index.html,e10e1e165dc8be4a,£22.60,In stock (19 available)
Default,Starving Hearts (Triangular Trade ...,http://books.toscrape.com/catalogue/starving-hearts-triangular-trade-trilogy-1_990/index.html,0312262ecafa5a40,£13.99,In stock (19 available)
Default,America's Cradle of Quarterbacks: ...,http://books.toscrape.com/catalogue/americas-cradle-of-quarterbacks-western-pennsylvanias-football-factory-from-johnny-unitas-to-joe-montana_974/index.html,c7d160c2c0de586f,£22.50,In stock (19 available)
Default,Aladdin and His Wonderful ...,http://books.toscrape.com/catalogue/aladdin-and-his-wonderful-lamp_973/index.html,904208d6aa64b655,£53.13,In stock (19 available)
Default,Penny Maybe,http://books.toscrape.com/catalogue/penny-maybe_965/index.html,668fe56b17cfcd4f,£33.29,In stock (18 available)
Default,Maude (1883-1993):She Grew Up ...,http://books.toscrape.com/catalogue/maude-1883-1993she-grew-up-with-the-country_964/index.html,094b269567e1c300,£18.02,In stock (18 available)
Default,The Inefficiency Assassin: Time ...,http://books.toscrape.com/catalogue/the-inefficiency-assassin-time-management-tactics-for-working-smarter-not-longer_935/index.html,8c9e6bf2467d740d,£20.59,In stock (16 available)
Default,Soul Reader,http://books.toscrape.com/catalogue/soul-reader_926/index.html,e6af5bf1163c1151,£39.58,In stock (16 available)
Default,Bossypants,http://books.toscrape.com/catalogue/bossypants_883/index.html,74baabfc8fd84b38,£49.46,In stock (16 available)
Default,A World of Flavor: ...,http://books.toscrape.com/catalogue/a-world-of-flavor-your-gluten-free-passport_879/index.html,70ed59f194b3c556,£42.95,In stock (16 available)
Default,"A Piece of Sky, ...",http://books.toscrape.com/catalogue/a-piece-of-sky-a-grain-of-rice-a-memoir-in-four-meditations_878/index.html,8a380641491d43ed,£56.76,In stock (16 available)
Default,Tracing Numbers on a ...,http://books.toscrape.com/catalogue/tracing-numbers-on-a-train_869/index.html,d7d6d50c1e3d0b81,£41.60,In stock (15 available)
Default,Thirteen Reasons Why,http://books.toscrape.com/catalogue/thirteen-reasons-why_866/index.html,bc2a85fd35fdc7bd,£52.72,In stock (15 available)
Default,The Secret (The Secret ...,http://books.toscrape.com/catalogue/the-secret-the-secret-1_859/index.html,961f18db4f138211,£27.37,In stock (15 available)
Default,The Psychopath Test: A ...,http://books.toscrape.com/catalogue/the-psychopath-test-a-journey-through-the-madness-industry_857/index.html,e98a4efa85070c2f,£36.00,In stock (15 available)
Default,The Kite Runner,http://books.toscrape.com/catalogue/the-kite-runner_847/index.html,eac1a180047ad54e,£41.82,In stock (15 available)
Default,The Girl on the ...,http://books.toscrape.com/catalogue/the-girl-on-the-train_844/index.html,e956d67c9bcc5809,£55.02,In stock (15 available)
Default,The Emerald Mystery,http://books.toscrape.com/catalogue/the-emerald-mystery_842/index.html,d6670dfe3e7b42bd,£23.15,In stock (15 available)
Default,The Bridge to Consciousness: ...,http://books.toscrape.com/catalogue/the-bridge-to-consciousness-im-writing-the-bridge-between-science-and-our-old-and-new-beliefs_840/index.html,efc3768127714ec3,£32.00,In stock (15 available)
ScienceFiction,Mesaerion: The Best Science ...,http://books.toscrape.com/catalogue/mesaerion-the-best-science-fiction-stories-1800-1849_983/index.html,e30f54cea9b38190,£37.59,In stock (19 available)
ScienceFiction,Join,http://books.toscrape.com/catalogue/join_902/index.html,18ad3ed896c7ce05,£35.67,In stock (16 available)
ScienceFiction,William Shakespeare's Star Wars: ...,http://books.toscrape.com/catalogue/william-shakespeares-star-wars-verily-a-new-hope-william-shakespeares-star-wars-4_871/index.html,9270575728a13a61,£43.30,In stock (15 available)
ScienceFiction,The Project,http://books.toscrape.com/catalogue/the-project_856/index.html,790ef197c8f236f5,£10.65,In stock (15 available)
ScienceFiction,Soft Apocalypse,http://books.toscrape.com/catalogue/soft-apocalypse_833/index.html,2a70769cdc6eb8b8,£26.12,In stock (15 available)
ScienceFiction,Sleeping Giants (Themis Files ...,http://books.toscrape.com/catalogue/sleeping-giants-themis-files-1_604/index.html,f435aa99d864077d,£48.74,In stock (11 available)
ScienceFiction,Arena,http://books.toscrape.com/catalogue/arena_587/index.html,2c34f9432069b52b,£21.36,In stock (11 available)
ScienceFiction,Foundation (Foundation (Publication Order) ...,http://books.toscrape.com/catalogue/foundation-foundation-publication-order-1_375/index.html,3fc124f59f3068e4,£32.42,In stock (5 available)
ScienceFiction,The Restaurant at the ...,http://books.toscrape.com/catalogue/the-restaurant-at-the-end-of-the-universe-hitchhikers-guide-to-the-galaxy-2_275/index.html,0e92ccf1bd39e68f,£10.92,In stock (3 available)
ScienceFiction,Ready Player One,http://books.toscrape.com/catalogue/ready-player-one_209/index.html,2ef5dc7e278e562a,£19.07,In stock (3 available)
ScienceFiction,"Life, the Universe and ...",http://books.toscrape.com/catalogue/life-the-universe-and-everything-hitchhikers-guide-to-the-galaxy-3_189/index.html,4b3f4f151c99f472,£33.26,In stock (3 available)
ScienceFiction,Dune (Dune #1),http://books.toscrape.com/catalogue/dune-dune-1_151/index.html,36d5884d44484277,£54.86,In stock (3 available)
ScienceFiction,Do Androids Dream of ...,http://books.toscrape.com/catalogue/do-androids-dream-of-electric-sheep-blade-runner-1_149/index.html,98330e431e56a9ea,£51.48,In stock (3 available)
ScienceFiction,Three Wishes (River of ...,http://books.toscrape.com/catalogue/three-wishes-river-of-time-california-1_89/index.html,460f97a346b44bac,£44.18,In stock (1 available)
ScienceFiction,The Last Girl (The ...,http://books.toscrape.com/catalogue/the-last-girl-the-dominion-trilogy-1_70/index.html,16c71736dae78764,£36.26,In stock (1 available)
ScienceFiction,Having the Barbarian's Baby ...,http://books.toscrape.com/catalogue/having-the-barbarians-baby-ice-planet-barbarians-75_23/index.html,6717a70913b3db79,£34.96,In stock (1 available)
SportsandGames,The Book of Basketball: ...,http://books.toscrape.com/catalogue/the-book-of-basketball-the-nba-according-to-the-sports-guy_232/index.html,08decd9664e5d56e,£44.84,In stock (3 available)
SportsandGames,Friday Night Lights: A ...,http://books.toscrape.com/catalogue/friday-night-lights-a-town-a-team-and-a-dream_158/index.html,a9aa3ed5b316470b,£51.22,In stock (3 available)
SportsandGames,Sugar Rush (Offensive Line ...,http://books.toscrape.com/catalogue/sugar-rush-offensive-line-2_108/index.html,ce42e3de94226b2b,£24.42,In stock (2 available)
SportsandGames,Settling the Score (The ...,http://books.toscrape.com/catalogue/settling-the-score-the-summer-games-1_50/index.html,132adf7335bb384a,£44.91,In stock (1 available)
SportsandGames,Icing (Aces Hockey #2),http://books.toscrape.com/catalogue/icing-aces-hockey-2_25/index.html,3455b45888fb5053,£40.44,In stock (1 available)
Addacomment,The Torch Is Passed: ...,http://books.toscrape.com/catalogue/the-torch-is-passed-a-harding-family-story_945/index.html,4eed62cf5f8d8edf,£19.09,In stock (16 available)
Addacomment,The Mindfulness and Acceptance ...,http://books.toscrape.com/catalogue/the-mindfulness-and-acceptance-workbook-for-anxiety-a-guide-to-breaking-free-from-anxiety-phobias-and-worry-using-acceptance-and-commitment-therapy_937/index.html,31075275518532d7,£23.89,In stock (16 available)
Addacomment,The Art Forger,http://books.toscrape.com/catalogue/the-art-forger_930/index.html,80cfab6bcff3a244,£40.76,In stock (16 available)
Addacomment,On a Midnight Clear,http://books.toscrape.com/catalogue/on-a-midnight-clear_912/index.html,b757c0c361e689ce,£14.07,In stock (16 available)
Addacomment,Judo: Seven Steps to ...,http://books.toscrape.com/catalogue/judo-seven-steps-to-black-belt-an-introductory-guide-for-beginners_903/index.html,228f74b74f3a08ae,£53.90,In stock (16 available)
Addacomment,"Shobu Samurai, Project Aryoku ...",http://books.toscrape.com/catalogue/shobu-samurai-project-aryoku-3_830/index.html,0c27e6c3744fc14b,£29.06,In stock (15 available)
Addacomment,Modern Romance,http://books.toscrape.com/catalogue/modern-romance_820/index.html,caf4fe9311f1dc59,£28.26,In stock (15 available)
Addacomment,The White Queen (The ...,http://books.toscrape.com/catalogue/the-white-queen-the-cousins-war-1_768/index.html,6875c5657661b2fb,£25.91,In stock (14 available)
Addacomment,The Song of Achilles,http://books.toscrape.com/catalogue/the-song-of-achilles_762/index.html,e88fb1c9397cfb27,£37.40,In stock (14 available)
Addacomment,The Immortal Life of ...,http://books.toscrape.com/catalogue/the-immortal-life-of-henrietta-lacks_753/index.html,f72f61ad6a5f12ed,£40.67,In stock (14 available)
Addacomment,The Dovekeepers,http://books.toscrape.com/catalogue/the-dovekeepers_748/index.html,3d76bc83c6b644c9,£48.78,In stock (14 available)
Addacomment,More Than Music (Chasing ...,http://books.toscrape.com/catalogue/more-than-music-chasing-the-dream-1_716/index.html,47d47155e89c8be7,£37.61,In stock (14 available)
Addacomment,Code Name Verity (Code ...,http://books.toscrape.com/catalogue/code-name-verity-code-name-verity-1_680/index.html,33a3e0e3ffde0dcd,£22.13,In stock (14 available)
Addacomment,Cell,http://books.toscrape.com/catalogue/cell_674/index.html,bfbb54bc8cdeed2b,£20.29,In stock (14 available)
Addacomment,Angels Walking (Angels Walking ...,http://books.toscrape.com/catalogue/angels-walking-angels-walking-1_662/index.html,1fbb5f786e53a0ce,£34.20,In stock (14 available)
Addacomment,A Series of Catastrophes ...,http://books.toscrape.com/catalogue/a-series-of-catastrophes-and-miracles-a-true-story-of-love-science-and-cancer_655/index.html,c1379d3744f1dd2c,£56.48,In stock (14 available)
Addacomment,A People's History of ...,http://books.toscrape.com/catalogue/a-peoples-history-of-the-united-states_654/index.html,1ad06aed9349af46,£40.79,In stock (14 available)
Addacomment,A Brush of Wings ...,http://books.toscrape.com/catalogue/a-brush-of-wings-angels-walking-3_651/index.html,01a177623cce9596,£55.51,In stock (14 available)
Addacomment,Rook,http://books.toscrape.com/catalogue/rook_647/index.html,44d97b6707dae3f0,£37.86,In stock (13 available)
Addacomment,The Midnight Watch: A ...,http://books.toscrape.com/catalogue/the-midnight-watch-a-novel-of-the-titanic-and-the-californian_640/index.html,14e44163678e24dc,£26.20,In stock (12 available)
Fantasy,Unicorn Tracks,http://books.toscrape.com/catalogue/unicorn-tracks_951/index.html,7ae099f3898e0209,£18.78,In stock (16 available)
Fantasy,"Saga, Volume 6 (Saga ...",http://books.toscrape.com/catalogue/saga-volume-6-saga-collected-editions-6_924/index.html,c849f0b2f5d6a742,£25.02,In stock (16 available)
Fantasy,Princess Between Worlds (Wide-Awake ...,http://books.toscrape.com/catalogue/princess-between-worlds-wide-awake-princess-5_919/index.html,0e691eda369f4e09,£13.34,In stock (16 available)
Fantasy,Masks and Shadows,http://books.toscrape.com/catalogue/masks-and-shadows_909/index.html,fa9610a50a1bf149,£56.40,In stock (16 available)
Fantasy,Crown of Midnight (Throne ...,http://books.toscrape.com/catalogue/crown-of-midnight-throne-of-glass-2_888/index.html,7267864328ae8b9d,£43.29,In stock (16 available)
Fantasy,Avatar: The Last Airbender: ...,http://books.toscrape.com/catalogue/avatar-the-last-airbender-smoke-and-shadow-part-3-smoke-and-shadow-3_881/index.html,6d5300b2d8f37e07,£28.09,In stock (16 available)
Fantasy,A Court of Thorns ...,http://books.toscrape.com/catalogue/a-court-of-thorns-and-roses-a-court-of-thorns-and-roses-1_874/index.html,01d2001ac1e6f8a3,£52.37,In stock (16 available)
Fantasy,Throne of Glass (Throne ...,http://books.toscrape.com/catalogue/throne-of-glass-throne-of-glass-1_868/index.html,590a9cccf7db9f7d,£35.07,In stock (15 available)
Fantasy,The Glittering Court (The ...,http://books.toscrape.com/catalogue/the-glittering-court-the-glittering-court-1_845/index.html,2dbb7ec08cdd7f3c,£44.28,In stock (15 available)
Fantasy,Hollow City (Miss Peregrine’s ...,http://books.toscrape.com/catalogue/hollow-city-miss-peregrines-peculiar-children-2_813/index.html,4ce91d31c1e57c33,£42.98,In stock (15 available)
Fantasy,The Star-Touched Queen,http://books.toscrape.com/catalogue/the-star-touched-queen_764/index.html,1528279aec1f3dce,£46.02,In stock (14 available)
Fantasy,The Hidden Oracle (The ...,http://books.toscrape.com/catalogue/the-hidden-oracle-the-trials-of-apollo-1_752/index.html,992974ba6a0536ea,£52.26,In stock (14 available)
Fantasy,The Bane Chronicles (The ...,http://books.toscrape.com/catalogue/the-bane-chronicles-the-bane-chronicles-1-11_746/index.html,dc6f688b82e42a5b,£44.73,In stock (14 available)
Fantasy,Island of Dragons (Unwanteds ...,http://books.toscrape.com/catalogue/island-of-dragons-unwanteds-7_705/index.html,2b52334fab158861,£29.65,In stock (14 available)
Fantasy,Demigods & Magicians: Percy ...,http://books.toscrape.com/catalogue/demigods-magicians-percy-and-annabeth-meet-the-kanes-percy-jackson-kane-chronicles-crossover-1-3_685/index.html,3c6fe637a0180b01,£37.51,In stock (14 available)
Fantasy,City of Glass (The ...,http://books.toscrape.com/catalogue/city-of-glass-the-mortal-instruments-3_678/index.html,966ebb738e0f9d9b,£56.02,In stock (14 available)
Fantasy,Searching for Meaning in ...,http://books.toscrape.com/catalogue/searching-for-meaning-in-gailana_648/index.html,2f0213137a80d485,£38.73,In stock (13 available)
Fantasy,The Star-Touched Queen,http://books.toscrape.com/catalogue/the-star-touched-queen_642/index.html,4a7a25be293ad678,£32.30,In stock (12 available)
Fantasy,A Shard of Ice ...,http://books.toscrape.com/catalogue/a-shard-of-ice-the-black-symphony-saga-1_558/index.html,63d5f1651880dcea,£56.63,In stock (9 available)
Fantasy,King's Folly (The Kinsman ...,http://books.toscrape.com/catalogue/kings-folly-the-kinsman-chronicles-1_473/index.html,4c82371b8cd02d4d,£39.61,In stock (7 available)
NewAdult,Without Borders (Wanderlove #1),http://books.toscrape.com/catalogue/without-borders-wanderlove-1_956/index.html,acddfeab2a407640,£45.07,In stock (16 available)
NewAdult,The Mistake (Off-Campus #2),http://books.toscrape.com/catalogue/the-mistake-off-campus-2_851/index.html,99ff4cc6491e8f5c,£43.29,In stock (15 available)
NewAdult,The Matchmaker's Playbook (Wingmen ...,http://books.toscrape.com/catalogue/the-matchmakers-playbook-wingmen-inc-1_850/index.html,08db62f24627e71f,£55.85,In stock (15 available)
NewAdult,The Hook Up (Game ...,http://books.toscrape.com/catalogue/the-hook-up-game-on-1_68/index.html,6e473eff459e809f,£36.29,In stock (1 available)
NewAdult,Shameless,http://books.toscrape.com/catalogue/shameless_52/index.html,c068c013d6921fea,£58.35,In stock (1 available)
NewAdult,Off Sides (Off #1),http://books.toscrape.com/catalogue/off-sides-off-1_38/index.html,b6f1cfadc4dd79d4,£39.45,In stock (1 available)
YoungAdult,The Requiem Red,http://books.toscrape.com/catalogue/the-requiem-red_995/index.html,f77dbf2323deb740,£22.65,In stock (19 available)
YoungAdult,Set Me Free,http://books.toscrape.com/catalogue/set-me-free_988/index.html,ce6396b0f23f6ecc,£17.46,In stock (19 available)
YoungAdult,The Natural History of ...,http://books.toscrape.com/catalogue/the-natural-history-of-us-the-fine-art-of-pretending-2_941/index.html,cedf82b5086e4691,£45.22,In stock (16 available)
YoungAdult,Obsidian (Lux #1),http://books.toscrape.com/catalogue/obsidian-lux-1_911/index.html,3c346ab1e76ae1f6,£14.86,In stock (16 available)
YoungAdult,Burning,http://books.toscrape.com/catalogue/burning_884/index.html,5ceb951f629700a2,£28.81,In stock (16 available)
YoungAdult,A Fierce and Subtle ...,http://books.toscrape.com/catalogue/a-fierce-and-subtle-poison_875/index.html,842790dfaa937484,£28.13,In stock (16 available)
YoungAdult,Scarlett Epstein Hates It ...,http://books.toscrape.com/catalogue/scarlett-epstein-hates-it-here_828/index.html,1c929cfd16b71907,£43.55,In stock (15 available)
YoungAdult,"Nightingale, Sing",http://books.toscrape.com/catalogue/nightingale-sing_823/index.html,50b8f80311b31ede,£38.28,In stock (15 available)
YoungAdult,Library of Souls (Miss ...,http://books.toscrape.com/catalogue/library-of-souls-miss-peregrines-peculiar-children-3_816/index.html,ba54932df84e8cea,£48.56,In stock (15 available)
YoungAdult,Frostbite (Vampire Academy #2),http://books.toscrape.com/catalogue/frostbite-vampire-academy-2_810/index.html,116a2fdc9a45bab0,£29.99,In stock (15 available)
YoungAdult,Wild Swans,http://books.toscrape.com/catalogue/wild-swans_782/index.html,3fb15ace50d6142b,£14.36,In stock (14 available)
YoungAdult,Until Friday Night (The ...,http://books.toscrape.com/catalogue/until-friday-night-the-field-party-1_775/index.html,aba2db9afb1469c7,£46.31,In stock (14 available)
YoungAdult,This Is Where It ...,http://books.toscrape.com/catalogue/this-is-where-it-ends_771/index.html,f0f38174a7e689a3,£27.12,In stock (14 available)
YoungAdult,The Darkest Lie,http://books.toscrape.com/catalogue/the-darkest-lie_747/index.html,6edacfd1f8ebb9eb,£35.35,In stock (14 available)
YoungAdult,My Kind of Crazy,http://books.toscrape.com/catalogue/my-kind-of-crazy_718/index.html,137b0b2775701e11,£40.36,In stock (14 available)
YoungAdult,Don't Get Caught,http://books.toscrape.com/catalogue/dont-get-caught_687/index.html,ad2887ce04583910,£55.35,In stock (14 available)
YoungAdult,Catching Jordan (Hundred Oaks),http://books.toscrape.com/catalogue/catching-jordan-hundred-oaks_673/index.html,e2e7b683b4c15b7d,£50.83,In stock (14 available)
YoungAdult,Aristotle and Dante Discover ...,http://books.toscrape.com/catalogue/aristotle-and-dante-discover-the-secrets-of-the-universe-aristotle-and-dante-discover-the-secrets-of-the-universe-1_663/index.html,41164b8ac02a2c42,£58.14,In stock (14 available)
YoungAdult,The Epidemic (The Program ...,http://books.toscrape.com/catalogue/the-epidemic-the-program-06_636/index.html,f732d7d18a91d2ba,£14.44,In stock (12 available)
YoungAdult,Stars Above (The Lunar ...,http://books.toscrape.com/catalogue/stars-above-the-lunar-chronicles-45_632/index.html,b63ea3f7a57ae099,£48.05,In stock (12 available)
Science,The Most Perfect Thing: ...,http://books.toscrape.com/catalogue/the-most-perfect-thing-inside-and-outside-a-birds-egg_938/index.html,aadee1c326d286e3,£42.96,In stock (16 available)
Science,Immunity: How Elie Metchnikoff ...,http://books.toscrape.com/catalogue/immunity-how-elie-metchnikoff-changed-the-course-of-modern-medicine_900/index.html,e4f74c16de34d440,£57.36,In stock (16 available)
Science,Sorting the Beef from ...,http://books.toscrape.com/catalogue/sorting-the-beef-from-the-bull-the-science-of-food-fraud-forensics_736/index.html,3edcccc4f341fb1a,£44.74,In stock (14 available)
Science,Tipping Point for Planet ...,http://books.toscrape.com/catalogue/tipping-point-for-planet-earth-how-close-are-we-to-the-edge_643/index.html,148715df5a02ea5e,£37.55,In stock (12 available)
Science,The Fabric of the ...,http://books.toscrape.com/catalogue/the-fabric-of-the-cosmos-space-time-and-the-texture-of-reality_572/index.html,ca74f2e3c35a3e77,£55.91,In stock (9 available)
Science,Diary of a Citizen ...,http://books.toscrape.com/catalogue/diary-of-a-citizen-scientist-chasing-tiger-beetles-and-other-new-ways-of-engaging-the-world_517/index.html,0c11e2d068768dbb,£28.41,In stock (8 available)
Science,The Origin of Species,http://books.toscrape.com/catalogue/the-origin-of-species_499/index.html,0345872b14f9e774,£10.01,In stock (7 available)
Science,The Grand Design,http://books.toscrape.com/catalogue/the-grand-design_405/index.html,3213b1f13f5f0f7c,£13.76,In stock (5 available)
Science,Peak: Secrets from the ...,http://books.toscrape.com/catalogue/peak-secrets-from-the-new-science-of-expertise_389/index.html,6036239d2ab349b7,£16.28,In stock (5 available)
Science,"The Elegant Universe: Superstrings, ...",http://books.toscrape.com/catalogue/the-elegant-universe-superstrings-hidden-dimensions-and-the-quest-for-the-ultimate-theory_245/index.html,c6bf14cb901c63ac,£13.03,In stock (3 available)
Science,The Disappearing Spoon: And ...,http://books.toscrape.com/catalogue/the-disappearing-spoon-and-other-true-tales-of-madness-love-and-the-history-of-the-world-from-the-periodic-table-of-the-elements_244/index.html,63c0826ef59eae66,£57.35,In stock (3 available)
Science,"Surely You're Joking, Mr. ...",http://books.toscrape.com/catalogue/surely-youre-joking-mr-feynman-adventures-of-a-curious-character_227/index.html,61002f3b7ba5d780,£25.83,In stock (3 available)
Science,Seven Brief Lessons on ...,http://books.toscrape.com/catalogue/seven-brief-lessons-on-physics_219/index.html,281a244ce1954711,£30.60,In stock (3 available)
Science,The Selfish Gene,http://books.toscrape.com/catalogue/the-selfish-gene_81/index.html,6f2c0a9adbb2bca9,£29.45,In stock (1 available)
Poetry,A Light in the ...,http://books.toscrape.com/catalogue/a-light-in-the-attic_1000/index.html,a897fe39b1053632,£51.77,In stock (22 available)
Poetry,The Black Maria,http://books.toscrape.com/catalogue/the-black-maria_991/index.html,1dfe412b8ac00530,£52.15,In stock (19 available)
Poetry,Shakespeare's Sonnets,http://books.toscrape.com/catalogue/shakespeares-sonnets_989/index.html,30a7f60cd76ca58c,£20.66,In stock (19 available)
Poetry,Olio,http://books.toscrape.com/catalogue/olio_984/index.html,feb7cc7701ecf901,£23.88,In stock (19 available)
Poetry,You can't bury them ...,http://books.toscrape.com/catalogue/you-cant-bury-them-all-poems_961/index.html,55f9da0c5eea2e10,£33.63,In stock (17 available)
Poetry,Slow States of Collapse: ...,http://books.toscrape.com/catalogue/slow-states-of-collapse-poems_960/index.html,b4fd5943413e089a,£57.31,In stock (17 available)
Poetry,Untitled Collection: Sabbath Poems ...,http://books.toscrape.com/catalogue/untitled-collection-sabbath-poems-2014_953/index.html,657fe5ead67a7767,£14.27,In stock (16 available)
Poetry,Poems That Make Grown ...,http://books.toscrape.com/catalogue/poems-that-make-grown-women-cry_824/index.html,31001a1210623bd4,£14.19,In stock (15 available)
Poetry,Night Sky with Exit ...,http://books.toscrape.com/catalogue/night-sky-with-exit-wounds_822/index.html,cfeb1e1e0e695b58,£41.05,In stock (15 available)
Poetry,salt.,http://books.toscrape.com/catalogue/salt_731/index.html,86cbddb61ea78bb7,£46.78,In stock (14 available)
Poetry,Quarter Life Poetry: Poems ...,http://books.toscrape.com/catalogue/quarter-life-poetry-poems-for-the-young-broke-and-hangry_727/index.html,aa35446aab16017f,£50.89,In stock (14 available)
Poetry,Out of Print: City ...,http://books.toscrape.com/catalogue/out-of-print-city-lights-spotlight-no-14_536/index.html,c0fc0cd215ee1724,£53.64,In stock (8 available)
Poetry,Les Fleurs du Mal,http://books.toscrape.com/catalogue/les-fleurs-du-mal_530/index.html,c44c5e1425475206,£29.04,In stock (8 available)
Poetry,Howl and Other Poems,http://books.toscrape.com/catalogue/howl-and-other-poems_522/index.html,b7870fa6dc088fbb,£40.45,In stock (8 available)
Poetry,Leave This Song Behind: ...,http://books.toscrape.com/catalogue/leave-this-song-behind-teen-poetry-at-its-best_474/index.html,b74ee891e2a6dd69,£51.17,In stock (7 available)
Poetry,The Collected Poems of ...,http://books.toscrape.com/catalogue/the-collected-poems-of-wb-yeats-the-collected-works-of-wb-yeats-1_441/index.html,3d250ab0f12be445,£15.42,In stock (6 available)
Poetry,The Crossover,http://books.toscrape.com/catalogue/the-crossover_398/index.html,b228042c088b1913,£38.77,In stock (5 available)
Poetry,Booked,http://books.toscrape.com/catalogue/booked_365/index.html,b54d7416bb445989,£17.49,In stock (5 available)
Poetry,Twenty Love Poems and ...,http://books.toscrape.com/catalogue/twenty-love-poems-and-a-song-of-despair_91/index.html,e63c3f25338baf9a,£30.95,In stock (1 available)
Paranormal,"Vampire Knight, Vol. 1 ...",http://books.toscrape.com/catalogue/vampire-knight-vol-1-vampire-knight-1_93/index.html,e7e87087b1a44711,£15.40,In stock (1 available)
Art,Wall and Piece,http://books.toscrape.com/catalogue/wall-and-piece_971/index.html,ccd9ffa25efabdea,£44.18,In stock (18 available)
Art,Feathers: Displays of Brilliant ...,http://books.toscrape.com/catalogue/feathers-displays-of-brilliant-plumage_695/index.html,9194ae88379dbf1a,£49.05,In stock (14 available)
Art,Art and Fear: Observations ...,http://books.toscrape.com/catalogue/art-and-fear-observations-on-the-perils-and-rewards-of-artmaking_559/index.html,d6d9ffea95f2f8bf,£48.63,In stock (9 available)
Art,The New Drawing on ...,http://books.toscrape.com/catalogue/the-new-drawing-on-the-right-side-of-the-brain_550/index.html,3eec766dda26fa64,£43.02,In stock (8 available)
Art,History of Beauty,http://books.toscrape.com/catalogue/history-of-beauty_521/index.html,8a150fd8ff5d7686,£10.29,In stock (8 available)
Art,The Story of Art,http://books.toscrape.com/catalogue/the-story-of-art_500/index.html,9147c5251cc99eb1,£41.14,In stock (7 available)
Art,The Art Book,http://books.toscrape.com/catalogue/the-art-book_490/index.html,4b8fa561a1e52d1c,£32.34,In stock (7 available)
Art,Ways of Seeing,http://books.toscrape.com/catalogue/ways-of-seeing_94/index.html,66a4e422b212726a,£39.51,In stock (1 available)
Psychology,The Lucifer Effect: Understanding ...,http://books.toscrape.com/catalogue/the-lucifer-effect-understanding-how-good-people-turn-evil_758/index.html,4e812d32d64e2431,£10.40,In stock (14 available)
Psychology,The Golden Condom: And ...,http://books.toscrape.com/catalogue/the-golden-condom-and-other-essays-on-love-lost-and-found_637/index.html,235fa48eeed11d82,£39.43,In stock (12 available)
Psychology,It Didn't Start with ...,http://books.toscrape.com/catalogue/it-didnt-start-with-you-how-inherited-family-trauma-shapes-who-we-are-and-how-to-end-the-cycle_593/index.html,ce8666d9b42fc9a0,£56.27,In stock (11 available)
Psychology,An Unquiet Mind: A ...,http://books.toscrape.com/catalogue/an-unquiet-mind-a-memoir-of-moods-and-madness_422/index.html,46cb43c2ab133ccc,£21.30,In stock (6 available)
Psychology,"Thinking, Fast and Slow",http://books.toscrape.com/catalogue/thinking-fast-and-slow_289/index.html,719d72f3ee512dc6,£21.14,In stock (3 available)
Psychology,Civilization and Its Discontents,http://books.toscrape.com/catalogue/civilization-and-its-discontents_140/index.html,396385e3de5d18c3,£59.95,In stock (3 available)
Psychology,8 Keys to Mental ...,http://books.toscrape.com/catalogue/8-keys-to-mental-health-through-exercise_114/index.html,f5873c8fc7760000,£31.04,In stock (3 available)
Autobiography,The Argonauts,http://books.toscrape.com/catalogue/the-argonauts_837/index.html,c99761a700ade23f,£10.93,In stock (15 available)
Autobiography,M Train,http://books.toscrape.com/catalogue/m-train_598/index.html,5569c3fea112718e,£27.18,In stock (11 available)
Autobiography,Lab Girl,http://books.toscrape.com/catalogue/lab-girl_595/index.html,825d6c44da3ca5a6,£40.85,In stock (11 available)
Autobiography,Approval Junkie: Adventures in ...,http://books.toscrape.com/catalogue/approval-junkie-adventures-in-caring-too-much_363/index.html,612369a5947a012e,£58.81,In stock (5 available)
Autobiography,Running with Scissors,http://books.toscrape.com/catalogue/running-with-scissors_215/index.html,28921443f052bea6,£12.91,In stock (3 available)
Autobiography,Me Talk Pretty One ...,http://books.toscrape.com/catalogue/me-talk-pretty-one-day_193/index.html,abc4a7ee16c21088,£57.60,In stock (3 available)
Autobiography,Lust & Wonder,http://books.toscrape.com/catalogue/lust-wonder_191/index.html,0dcadb06206abd3c,£11.87,In stock (3 available)
Autobiography,Life Without a Recipe,http://books.toscrape.com/catalogue/life-without-a-recipe_188/index.html,c53d9fefcda371e9,£59.04,In stock (3 available)
Autobiography,A Heartbreaking Work of ...,http://books.toscrape.com/catalogue/a-heartbreaking-work-of-staggering-genius_115/index.html,c9770bb1d5a492a0,£54.29,In stock (3 available)
Parenting,Catastrophic Happiness: Finding Joy ...,http://books.toscrape.com/catalogue/catastrophic-happiness-finding-joy-in-childhoods-messy-years_138/index.html,ef49db2aaa9bb547,£37.35,In stock (3 available)
AdultFiction,Fifty Shades Freed (Fifty ...,http://books.toscrape.com/catalogue/fifty-shades-freed-fifty-shades-3_156/index.html,ed813a848580ba50,£15.36,In stock (3 available)
Humor,The Long Haul (Diary ...,http://books.toscrape.com/catalogue/the-long-haul-diary-of-a-wimpy-kid-9_757/index.html,f21effc079a2b38a,£44.07,In stock (14 available)
Humor,Old School (Diary of ...,http://books.toscrape.com/catalogue/old-school-diary-of-a-wimpy-kid-10_723/index.html,02b74068fa98d8a4,£11.83,In stock (14 available)
Humor,I Know What I'm ...,http://books.toscrape.com/catalogue/i-know-what-im-doing-and-other-lies-i-tell-myself-dispatches-from-a-life-under-construction_704/index.html,b8a8ff84233f0570,£25.98,In stock (14 available)
Humor,Hyperbole and a Half: ...,http://books.toscrape.com/catalogue/hyperbole-and-a-half-unfortunate-situations-flawed-coping-mechanisms-mayhem-and-other-things-that-happened_702/index.html,fbb21a2f71f4d981,£14.75,In stock (14 available)
Humor,Dress Your Family in ...,http://books.toscrape.com/catalogue/dress-your-family-in-corduroy-and-denim_562/index.html,7e9068872228c474,£43.68,In stock (9 available)
Humor,Toddlers Are A**holes: It's ...,http://books.toscrape.com/catalogue/toddlers-are-aholes-its-not-your-fault_503/index.html,4242cc3d0437db12,£25.55,In stock (7 available)
Humor,When You Are Engulfed ...,http://books.toscrape.com/catalogue/when-you-are-engulfed-in-flames_303/index.html,dab0196cd5fc8e5e,£30.89,In stock (3 available)
Humor,Naked,http://books.toscrape.com/catalogue/naked_197/index.html,54aeeb4610d3ae08,£31.69,In stock (3 available)
Humor,Lamb: The Gospel According ...,http://books.toscrape.com/catalogue/lamb-the-gospel-according-to-biff-christs-childhood-pal_182/index.html,190fbebbf798c31a,£55.50,In stock (3 available)
Humor,Holidays on Ice,http://books.toscrape.com/catalogue/holidays-on-ice_167/index.html,0cb4856be3694a57,£51.07,In stock (3 available)
Horror,Security,http://books.toscrape.com/catalogue/security_925/index.html,6f78a0d744c35456,£39.25,In stock (16 available)
Horror,Follow You Home,http://books.toscrape.com/catalogue/follow-you-home_809/index.html,8585760646e3aa2a,£21.36,In stock (15 available)
Horror,The Loney,http://books.toscrape.com/catalogue/the-loney_756/index.html,2d88a31f325dfd3b,£23.40,In stock (14 available)
Horror,Pet Sematary,http://books.toscrape.com/catalogue/pet-sematary_726/index.html,af58a74e4b2a23a0,£10.56,In stock (14 available)
Horror,Doctor Sleep (The Shining ...,http://books.toscrape.com/catalogue/doctor-sleep-the-shining-2_686/index.html,bf5de316a5e9a4ab,£40.12,In stock (14 available)
Horror,Psycho: Sanitarium (Psycho #1.5),http://books.toscrape.com/catalogue/psycho-sanitarium-psycho-15_628/index.html,b8d7b3f5c7a95d65,£36.97,In stock (12 available)
Horror,Can You Keep a ...,http://books.toscrape.com/catalogue/can-you-keep-a-secret-fear-street-relaunch-4_614/index.html,d069086944f2e330,£48.64,In stock (12 available)
Horror,Red Dragon (Hannibal Lecter ...,http://books.toscrape.com/catalogue/red-dragon-hannibal-lecter-1_390/index.html,e958ae92f328c181,£23.37,In stock (5 available)
Horror,Dracula the Un-Dead,http://books.toscrape.com/catalogue/dracula-the-un-dead_370/index.html,e46b1074b99ac4b6,£35.63,In stock (5 available)
Horror,Night Shift (Night Shift ...,http://books.toscrape.com/catalogue/night-shift-night-shift-1-20_335/index.html,869d20b3b8128230,£12.75,In stock (4 available)
Horror,Needful Things,http://books.toscrape.com/catalogue/needful-things_334/index.html,70b585c9d0f15725,£47.51,In stock (4 available)
Horror,Misery,http://books.toscrape.com/catalogue/misery_332/index.html,81d4191030b9704b,£34.79,In stock (4 available)
Horror,It,http://books.toscrape.com/catalogue/it_330/index.html,670a2773607d785d,£25.01,In stock (4 available)
Horror,'Salem's Lot,http://books.toscrape.com/catalogue/salems-lot_309/index.html,6e9403f00acd6752,£49.56,In stock (4 available)
Horror,The Stand,http://books.toscrape.com/catalogue/the-stand_282/index.html,49f24193f0b961e6,£57.86,In stock (3 available)
Horror,The Girl with All ...,http://books.toscrape.com/catalogue/the-girl-with-all-the-gifts_250/index.html,92dcc54a27107a37,£49.47,In stock (3 available)
Horror,House of Leaves,http://books.toscrape.com/catalogue/house-of-leaves_169/index.html,557c03c284be1bf2,£54.89,In stock (3 available)
History,Sapiens: A Brief History ...,http://books.toscrape.com/catalogue/sapiens-a-brief-history-of-humankind_996/index.html,4165285e1663650f,£54.23,In stock (20 available)
History,Unbound: How Eight Technologies ...,http://books.toscrape.com/catalogue/unbound-how-eight-technologies-made-us-human-transformed-society-and-brought-our-world-to-the-brink_950/index.html,9a9d6e9bc555731e,£25.52,In stock (16 available)
History,The Age of Genius: ...,http://books.toscrape.com/catalogue/the-age-of-genius-the-seventeenth-century-and-the-birth-of-the-modern-mind_929/index.html,a3d2a4250807f1e9,£19.73,In stock (16 available)
History,"Political Suicide: Missteps, Peccadilloes, ...",http://books.toscrape.com/catalogue/political-suicide-missteps-peccadilloes-bad-calls-backroom-hijinx-sordid-pasts-rotten-breaks-and-just-plain-dumb-mistakes-in-the-annals-of-american-politics_917/index.html,7392c0032f92d816,£36.28,In stock (16 available)
History,Thomas Jefferson and the ...,http://books.toscrape.com/catalogue/thomas-jefferson-and-the-tripoli-pirates-the-forgotten-war-that-changed-american-history_867/index.html,de3f25248ba0789f,£59.64,In stock (15 available)
History,Zealot: The Life and ...,http://books.toscrape.com/catalogue/zealot-the-life-and-times-of-jesus-of-nazareth_785/index.html,dd5bfa6cc2c0ecc3,£24.70,In stock (14 available)
History,A Distant Mirror: The ...,http://books.toscrape.com/catalogue/a-distant-mirror-the-calamitous-14th-century_652/index.html,d5e0526e1ab682a3,£14.58,In stock (14 available)
History,1491: New Revelations of ...,http://books.toscrape.com/catalogue/1491-new-revelations-of-the-americas-before-columbus_650/index.html,6e8e5626ac4d279e,£21.80,In stock (14 available)
History,Brilliant Beacons: A History ...,http://books.toscrape.com/catalogue/brilliant-beacons-a-history-of-the-american-lighthouse_515/index.html,7f5157bf53065d36,£11.45,In stock (8 available)
History,"""Most Blessed of the ...",http://books.toscrape.com/catalogue/most-blessed-of-the-patriarchs-thomas-jefferson-and-the-empire-of-the-imagination_509/index.html,f16c2edb2a603f92,£44.48,In stock (8 available)
History,A Short History of ...,http://books.toscrape.com/catalogue/a-short-history-of-nearly-everything_457/index.html,6c7fa6844380f50a,£52.40,In stock (7 available)
History,The Rise and Fall ...,http://books.toscrape.com/catalogue/the-rise-and-fall-of-the-third-reich-a-history-of-nazi-germany_454/index.html,774fa432bd7d9c47,£39.67,In stock (6 available)
History,Catherine the Great: Portrait ...,http://books.toscrape.com/catalogue/catherine-the-great-portrait-of-a-woman_424/index.html,f3c70d296ec796c4,£58.55,In stock (6 available)
History,The Mathews Men: Seven ...,http://books.toscrape.com/catalogue/the-mathews-men-seven-brothers-and-the-war-against-hitlers-u-boats_408/index.html,0d210d2448c3018f,£42.91,In stock (5 available)
History,The Hiding Place,http://books.toscrape.com/catalogue/the-hiding-place_406/index.html,c4589ee5977a47be,£55.91,In stock (5 available)
History,America's War for the ...,http://books.toscrape.com/catalogue/americas-war-for-the-greater-middle-east-a-military-history_361/index.html,add33db6ff80db24,£51.22,In stock (5 available)
History,The Guns of August,http://books.toscrape.com/catalogue/the-guns-of-august_254/index.html,b5da59dd177eb36b,£14.54,In stock (3 available)
History,House of Lost Worlds: ...,http://books.toscrape.com/catalogue/house-of-lost-worlds-dinosaurs-dynasties-and-the-story-of-life-on-earth_170/index.html,1812b8f5641287e3,£43.70,In stock (3 available)
FoodandDrink,Foolproof Preserving: A Guide ...,http://books.toscrape.com/catalogue/foolproof-preserving-a-guide-to-small-batch-jams-jellies-pickles-condiments-and-more-a-foolproof-guide-to-making-small-batch-jams-jellies-pickles-condiments-and-more_978/index.html,5674a18a29a43ced,£30.52,In stock (19 available)
FoodandDrink,The Pioneer Woman Cooks: ...,http://books.toscrape.com/catalogue/the-pioneer-woman-cooks-dinnertime-comfort-classics-freezer-food-16-minute-meals-and-other-delicious-ways-to-solve-supper_943/index.html,142d767a56a9254d,£56.41,In stock (16 available)
FoodandDrink,My Paris Kitchen: Recipes ...,http://books.toscrape.com/catalogue/my-paris-kitchen-recipes-and-stories_910/index.html,784bc2279baa878d,£33.37,In stock (16 available)
FoodandDrink,Mama Tried: Traditional Italian ...,http://books.toscrape.com/catalogue/mama-tried-traditional-italian-cooking-for-the-screwed-crude-vegan-and-tattooed_908/index.html,72f9d5be3472d34e,£14.02,In stock (16 available)
FoodandDrink,"Layered: Baking, Building, and ...",http://books.toscrape.com/catalogue/layered-baking-building-and-styling-spectacular-cakes_904/index.html,7b75cc7f223791f4,£40.11,In stock (16 available)
FoodandDrink,The Nerdy Nummies Cookbook: ...,http://books.toscrape.com/catalogue/the-nerdy-nummies-cookbook-sweet-treats-for-the-geek-in-all-of-us_853/index.html,e4c7f3487d17fd42,£37.34,In stock (15 available)
FoodandDrink,The Love and Lemons ...,http://books.toscrape.com/catalogue/the-love-and-lemons-cookbook-an-apple-to-zucchini-celebration-of-impromptu-cooking_849/index.html,e28e330cbdf01126,£37.60,In stock (15 available)
FoodandDrink,The Cookies & Cups ...,http://books.toscrape.com/catalogue/the-cookies-cups-cookbook-125-sweet-savory-recipes-reminding-you-to-always-eat-dessert-first_841/index.html,96a38e7c813d8f1d,£41.25,In stock (15 available)
FoodandDrink,Deliciously Ella Every Day: ...,http://books.toscrape.com/catalogue/deliciously-ella-every-day-quick-and-easy-recipes-for-gluten-free-snacks-packed-lunches-and-simple-meals_801/index.html,46c1530d7546ea6d,£42.16,In stock (15 available)
FoodandDrink,The Help Yourself Cookbook ...,http://books.toscrape.com/catalogue/the-help-yourself-cookbook-for-kids-60-easy-plant-based-recipes-kids-can-make-to-stay-healthy-and-save-the-earth_751/index.html,ddc8340dabc8641b,£28.77,In stock (14 available)
FoodandDrink,"It's All Easy: Healthy, ...",http://books.toscrape.com/catalogue/its-all-easy-healthy-delicious-weeknight-meals-in-under-30-minutes_706/index.html,245e6bf08b8d2955,£19.55,In stock (14 available)
FoodandDrink,Barefoot Contessa Back to ...,http://books.toscrape.com/catalogue/barefoot-contessa-back-to-basics_667/index.html,999912e63a3262ae,£28.01,In stock (14 available)
FoodandDrink,Barefoot Contessa at Home: ...,http://books.toscrape.com/catalogue/barefoot-contessa-at-home-everyday-recipes-youll-make-over-and-over-again_666/index.html,0e0da9192a025efc,£50.62,In stock (14 available)
FoodandDrink,My Kitchen Year: 136 ...,http://books.toscrape.com/catalogue/my-kitchen-year-136-recipes-that-saved-my-life_646/index.html,8bbd7df8a324f31d,£11.53,In stock (13 available)
FoodandDrink,Everyday Italian: 125 Simple ...,http://books.toscrape.com/catalogue/everyday-italian-125-simple-and-delicious-recipes_618/index.html,76319fe9d8b465a3,£20.10,In stock (12 available)
FoodandDrink,A la Mode: 120 ...,http://books.toscrape.com/catalogue/a-la-mode-120-recipes-in-60-pairings-pies-tarts-cakes-crisps-and-more-topped-with-ice-cream-gelato-frozen-custard-and-more_611/index.html,a4eef523118805ef,£38.77,In stock (12 available)
FoodandDrink,Cravings: Recipes for What ...,http://books.toscrape.com/catalogue/cravings-recipes-for-what-you-want-to-eat_589/index.html,2587c54f5530dafc,£20.50,In stock (11 available)
FoodandDrink,The Moosewood Cookbook: Recipes ...,http://books.toscrape.com/catalogue/the-moosewood-cookbook-recipes-from-moosewood-restaurant-ithaca-new-york_574/index.html,65cfc9f242c2984a,£12.34,In stock (9 available)
FoodandDrink,32 Yolks,http://books.toscrape.com/catalogue/32-yolks_510/index.html,b1a227b7609ff263,£53.63,In stock (8 available)
FoodandDrink,Naturally Lean: 125 Nourishing ...,http://books.toscrape.com/catalogue/naturally-lean-125-nourishing-gluten-free-plant-based-recipes-all-under-300-calories_479/index.html,924438fc6cbec836,£11.38,In stock (7 available)
ChristianFiction,Redeeming Love,http://books.toscrape.com/catalogue/redeeming-love_826/index.html,b53db2271c9624f7,£20.47,In stock (15 available)
ChristianFiction,Close to You,http://books.toscrape.com/catalogue/close-to-you_798/index.html,a57b1dcbd6849222,£49.46,In stock (15 available)
ChristianFiction,Shadows of the Past ...,http://books.toscrape.com/catalogue/shadows-of-the-past-logan-point-1_541/index.html,bee6e93e9976f4fa,£39.67,In stock (8 available)
ChristianFiction,Like Never Before (Walker ...,http://books.toscrape.com/catalogue/like-never-before-walker-family-2_476/index.html,b6670507e85b30e6,£28.77,In stock (7 available)
ChristianFiction,Counted With the Stars ...,http://books.toscrape.com/catalogue/counted-with-the-stars-out-from-egypt-1_463/index.html,4807043b8218e9ce,£17.97,In stock (7 available)
ChristianFiction,If I Run (If ...,http://books.toscrape.com/catalogue/if-i-run-if-i-run-1_174/index.html,61569d12d4ae7161,£49.97,In stock (3 available)
Business,The Dirty Little Secrets ...,http://books.toscrape.com/catalogue/the-dirty-little-secrets-of-getting-your-dream-job_994/index.html,2597b5a345f45e1b,£33.34,In stock (19 available)
Business,The Third Wave: An ...,http://books.toscrape.com/catalogue/the-third-wave-an-entrepreneurs-vision-of-the-future_862/index.html,3bebf34ee9330cbd,£12.61,In stock (15 available)
Business,The 10% Entrepreneur: Live ...,http://books.toscrape.com/catalogue/the-10-entrepreneur-live-your-startup-dream-without-quitting-your-day-job_836/index.html,56e4f9eab2e8e674,£27.55,In stock (15 available)
Business,Shoe Dog: A Memoir ...,http://books.toscrape.com/catalogue/shoe-dog-a-memoir-by-the-creator-of-nike_831/index.html,0e0dcc3339602b28,£23.99,In stock (15 available)
Business,Made to Stick: Why ...,http://books.toscrape.com/catalogue/made-to-stick-why-some-ideas-survive-and-others-die_715/index.html,b96fc7a0ea7d4b45,£38.85,In stock (14 available)
Business,Quench Your Own Thirst: ...,http://books.toscrape.com/catalogue/quench-your-own-thirst-business-lessons-learned-over-a-beer-or-two_629/index.html,8976d9161c027142,£43.14,In stock (12 available)
Business,The Art of Startup ...,http://books.toscrape.com/catalogue/the-art-of-startup-fundraising_606/index.html,1c584f82a7a1c4f0,£21.00,In stock (11 available)
Business,Born for This: How ...,http://books.toscrape.com/catalogue/born-for-this-how-to-find-the-work-you-were-meant-to-do_588/index.html,816180220e8cb419,£21.59,In stock (11 available)
Business,The E-Myth Revisited: Why ...,http://books.toscrape.com/catalogue/the-e-myth-revisited-why-most-small-businesses-dont-work-and-what-to-do-about-it_545/index.html,a2308a936e898d48,£36.91,In stock (8 available)
Business,"Rich Dad, Poor Dad",http://books.toscrape.com/catalogue/rich-dad-poor-dad_483/index.html,8486f61aa81a3daa,£51.74,In stock (7 available)
Business,The Lean Startup: How ...,http://books.toscrape.com/catalogue/the-lean-startup-how-todays-entrepreneurs-use-continuous-innovation-to-create-radically-successful-businesses_260/index.html,70c7c3ca7f9b2728,£33.92,In stock (3 available)
Business,Rework,http://books.toscrape.com/catalogue/rework_212/index.html,8e9dd8431170c09e,£44.88,In stock (3 available)
Biography,Louisa: The Extraordinary Life ...,http://books.toscrape.com/catalogue/louisa-the-extraordinary-life-of-mrs-adams_818/index.html,d69dd8dac66f9f84,£16.85,In stock (15 available)
Biography,Setting the World on ...,http://books.toscrape.com/catalogue/setting-the-world-on-fire-the-brief-astonishing-life-of-st-catherine-of-siena_603/index.html,b06599b108e83f98,£21.15,In stock (11 available)
Biography,The Faith of Christopher ...,http://books.toscrape.com/catalogue/the-faith-of-christopher-hitchens-the-restless-soul-of-the-worlds-most-notorious-atheist_495/index.html,57f85720e54d6442,£39.55,In stock (7 available)
Biography,Benjamin Franklin: An American ...,http://books.toscrape.com/catalogue/benjamin-franklin-an-american-life_460/index.html,5b546a46a86a9d8c,£48.19,In stock (7 available)
Biography,The Rise of Theodore ...,http://books.toscrape.com/catalogue/the-rise-of-theodore-roosevelt-theodore-roosevelt-1_276/index.html,1a5044d233936b1a,£42.57,In stock (3 available)
Thriller,In Her Wake,http://books.toscrape.com/catalogue/in-her-wake_980/index.html,23356462d1320d61,£12.84,In stock (19 available)
Thriller,The Elephant Tree,http://books.toscrape.com/catalogue/the-elephant-tree_968/index.html,5dada2b7be26bd03,£23.82,In stock (18 available)
Thriller,Behind Closed Doors,http://books.toscrape.com/catalogue/behind-closed-doors_962/index.html,be5cc846f45496fb,£52.22,In stock (18 available)
Thriller,You (You #1),http://books.toscrape.com/catalogue/you-you-1_784/index.html,024387ca4cafd5cc,£43.61,In stock (14 available)
Thriller,The Guilty (Will Robie ...,http://books.toscrape.com/catalogue/the-guilty-will-robie-4_750/index.html,847935fc68707426,£13.82,In stock (14 available)
Thriller,The 14th Colony (Cotton ...,http://books.toscrape.com/catalogue/the-14th-colony-cotton-malone-11_744/index.html,1b8187fa4bf6ab05,£39.24,In stock (14 available)
Thriller,Give It Back,http://books.toscrape.com/catalogue/give-it-back_430/index.html,012170e4fc87ace0,£18.32,In stock (6 available)
Thriller,Killing Floor (Jack Reacher ...,http://books.toscrape.com/catalogue/killing-floor-jack-reacher-1_382/index.html,8dde2ff3f6fcc0a3,£31.49,In stock (5 available)
Thriller,The Bone Hunters (Lexy ...,http://books.toscrape.com/catalogue/the-bone-hunters-lexy-vaughan-steven-macaulay-2_343/index.html,9c4d061c1e2fe6bf,£59.71,In stock (4 available)
Thriller,Far From True (Promise ...,http://books.toscrape.com/catalogue/far-from-true-promise-falls-trilogy-2_320/index.html,ad15a9a139919918,£34.93,In stock (4 available)
Thriller,The Travelers,http://books.toscrape.com/catalogue/the-travelers_285/index.html,2b685187f55c5d31,£15.77,In stock (3 available)
Contemporary,When We Collided,http://books.toscrape.com/catalogue/when-we-collided_955/index.html,3ecb690d1542c568,£31.77,In stock (16 available)
Contemporary,Someone Like You (The ...,http://books.toscrape.com/catalogue/someone-like-you-the-harrisons-2_735/index.html,a278db6b2b09cf9f,£52.79,In stock (14 available)
Contemporary,We Are All Completely ...,http://books.toscrape.com/catalogue/we-are-all-completely-beside-ourselves_301/index.html,be3db344a845580b,£24.04,In stock (3 available)
Spirituality,The Four Agreements: A ...,http://books.toscrape.com/catalogue/the-four-agreements-a-practical-guide-to-personal-freedom_970/index.html,6258a1f6a6dcfe50,£17.66,In stock (18 available)
Spirituality,The Activist's Tao Te ...,http://books.toscrape.com/catalogue/the-activists-tao-te-ching-ancient-advice-for-a-modern-revolution_928/index.html,7d6d2a6c0276f81b,£32.24,In stock (16 available)
Spirituality,Chasing Heaven: What Dying ...,http://books.toscrape.com/catalogue/chasing-heaven-what-dying-taught-me-about-living_797/index.html,513271dadc1322ae,£37.80,In stock (15 available)
Spirituality,If I Gave You ...,http://books.toscrape.com/catalogue/if-i-gave-you-gods-phone-number-searching-for-spirituality-in-america_564/index.html,8fab4c4f6f82a4ce,£20.91,In stock (9 available)
Spirituality,Unreasonable Hope: Finding Faith ...,http://books.toscrape.com/catalogue/unreasonable-hope-finding-faith-in-the-god-who-brings-purpose-to-your-pain_505/index.html,48cb52d78c992487,£46.33,In stock (7 available)
Spirituality,A New Earth: Awakening ...,http://books.toscrape.com/catalogue/a-new-earth-awakening-to-your-lifes-purpose_311/index.html,f6ae39568db1130e,£55.65,In stock (4 available)
Academic,Logan Kade (Fallen Crest ...,http://books.toscrape.com/catalogue/logan-kade-fallen-crest-high-55_384/index.html,7093cf549cd2e7de,£13.12,In stock (5 available)
SelfHelp,Online Marketing for Busy ...,http://books.toscrape.com/catalogue/online-marketing-for-busy-authors-a-step-by-step-guide_913/index.html,9ffa38d3b832433a,£46.35,In stock (16 available)
SelfHelp,How to Be Miserable: ...,http://books.toscrape.com/catalogue/how-to-be-miserable-40-strategies-you-already-use_897/index.html,a6f99b9e687f9d46,£46.03,In stock (16 available)
SelfHelp,"Overload: How to Unplug, ...",http://books.toscrape.com/catalogue/overload-how-to-unplug-unwind-and-unleash-yourself-from-the-pressure-of-stress_725/index.html,8ecf0356a3878811,£52.15,In stock (14 available)
SelfHelp,You Are a Badass: ...,http://books.toscrape.com/catalogue/you-are-a-badass-how-to-stop-doubting-your-greatness-and-start-living-an-awesome-life_508/index.html,88ec621893e595d0,£12.08,In stock (7 available)
SelfHelp,How to Stop Worrying ...,http://books.toscrape.com/catalogue/how-to-stop-worrying-and-start-living_431/index.html,e792c0969cefe1b8,£46.49,In stock (6 available)
Historical,All the Light We ...,http://books.toscrape.com/catalogue/all-the-light-we-cannot-see_660/index.html,39861fc1c0845d15,£29.87,In stock (14 available)
Historical,The Girl You Left ...,http://books.toscrape.com/catalogue/the-girl-you-left-behind-the-girl-you-left-behind-1_443/index.html,eb7459e0c570251d,£15.79,In stock (6 available)
Christian,(Un)Qualified: How God Uses ...,http://books.toscrape.com/catalogue/unqualified-how-god-uses-broken-people-to-do-big-things_873/index.html,e4ac92d89b946781,£54.00,In stock (16 available)
Christian,Crazy Love: Overwhelmed by ...,http://books.toscrape.com/catalogue/crazy-love-overwhelmed-by-a-relentless-god_682/index.html,4b9d9cfe0f435788,£47.72,In stock (14 available)
Christian,Blue Like Jazz: Nonreligious ...,http://books.toscrape.com/catalogue/blue-like-jazz-nonreligious-thoughts-on-christian-spirituality_461/index.html,a322361a37a78d3d,£25.77,In stock (7 available)
Suspense,Silence in the Dark ...,http://books.toscrape.com/catalogue/silence-in-the-dark-logan-point-4_542/index.html,e46a164cf310fd7d,£58.33,In stock (8 available)
ShortStories,The Grownup,http://books.toscrape.com/catalogue/the-grownup_546/index.html,1bba4b1ba23ed2d6,£35.88,In stock (8 available)
Novels,Suzie Snowflake: One beautiful ...,http://books.toscrape.com/catalogue/suzie-snowflake-one-beautiful-flake-a-self-esteem-story_568/index.html,0e095ed785af7e43,£54.81,In stock (9 available)
Health,The Bulletproof Diet: Lose ...,http://books.toscrape.com/catalogue/the-bulletproof-diet-lose-up-to-a-pound-a-day-reclaim-energy-and-focus-upgrade-your-life_931/index.html,43c6a960757cf559,£49.05,In stock (16 available)
Health,"Eat Fat, Get Thin",http://books.toscrape.com/catalogue/eat-fat-get-thin_688/index.html,047dfa57ba0bf638,£54.07,In stock (14 available)
Health,10-Day Green Smoothie Cleanse: ...,http://books.toscrape.com/catalogue/10-day-green-smoothie-cleanse-lose-up-to-15-pounds-in-10-days_581/index.html,96aa539bfd4c07e2,£49.71,In stock (10 available)
Health,The Art and Science ...,http://books.toscrape.com/catalogue/the-art-and-science-of-low-carbohydrate-living_570/index.html,f9c87ccb2bc4853b,£52.98,In stock (9 available)
Politics,Libertarianism for Beginners,http://books.toscrape.com/catalogue/libertarianism-for-beginners_982/index.html,a18a4f574854aced,£51.33,In stock (19 available)
Politics,Why the Right Went ...,http://books.toscrape.com/catalogue/why-the-right-went-wrong-conservatism-from-goldwater-to-the-tea-party-and-beyond_781/index.html,2b5054a4192e9b06,£52.65,In stock (14 available)
Politics,Equal Is Unfair: America's ...,http://books.toscrape.com/catalogue/equal-is-unfair-americas-misguided-fight-against-income-inequality_617/index.html,3968e3fbf4695d7c,£56.86,In stock (12 available)
Cultural,Amid the Chaos,http://books.toscrape.com/catalogue/amid-the-chaos_788/index.html,bb8245f52c7cce8f,£36.58,In stock (15 available)
Erotica,Dark Notes,http://books.toscrape.com/catalogue/dark-notes_800/index.html,88c21fcd38e2486e,£19.19,In stock (15 available)
Crime,The Long Shadow of ...,http://books.toscrape.com/catalogue/the-long-shadow-of-small-ghosts-murder-and-memory-in-an-american-city_848/index.html,abeafe151a587d3b,£10.97,In stock (15 available)
